C_Kg/m3;C-1;C-2;C-3;C-4;SF/ binder;FA/binder;GBFS/binder;puzolana/binder;(W+HWR)/binder;HWR/binder;HWR-P;HWR-SP;(W+HWR)/solidos;S/(S+G);T-S;(S+G)/binder;T-G;G-TMA_mm;LTCA;AEA/binder;Vf;T-SFR;Lf_mm;Lf/Df;Clase
308.4;1;0;0;0;0;0.2;0;0.2;0.45;0.01;0;1;0.0478;0.5216;0.5;8.4047;1;10;1;0;0;0;0;0;1
318.04;1;0;0;0;0;0.175;0;0.175;0.4638;0.01;0;1;0.0493;0.5216;0.5;8.4047;1;10;1;0;0;0;0;0;1
308.4;1;0;0;0;0;0.2;0;0.2;0.45;0.01;0;1;0.0478;0.5216;0.5;8.4047;1;10;1;0;0.25;1;30;50;1
308.4;1;0;0;0;0;0.2;0;0.2;0.45;0.01;0;1;0.0478;0.5216;0.5;8.4047;1;10;1;0;0.5;1;30;50;1
308.4;1;0;0;0;0;0.2;0;0.2;0.45;0.01;0;1;0.0478;0.5216;0.5;8.4047;1;10;1;0;0.75;1;30;50;1
318.04;1;0;0;0;0;0.175;0;0.175;0.4638;0.01;0;1;0.0493;0.5216;0.5;8.4047;1;10;1;0;0.25;1;30;50;1
318.04;1;0;0;0;0;0.175;0;0.175;0.4638;0.01;0;1;0.0493;0.5216;0.5;8.4047;1;10;1;0;0.5;1;30;50;1
308.4;1;0;0;0;0;0.2;0;0.2;0.45;0.01;0;1;0.0478;0.5216;0.5;8.4047;1;10;1;0;1;1;30;50;1
327.67;1;0;0;0;0;0.15;0;0.15;0.4775;0.01;0;1;0.0508;0.5216;0.5;8.4047;1;10;1;0;0;0;0;0;1
318.04;1;0;0;0;0;0.175;0;0.175;0.4638;0.01;0;1;0.0493;0.5216;0.5;8.4047;1;10;1;0;0.75;1;30;50;1
327.67;1;0;0;0;0;0.15;0;0.15;0.4775;0.01;0;1;0.0508;0.5216;0.5;8.4047;1;10;1;0;0.25;1;30;50;1
327.67;1;0;0;0;0;0.15;0;0.15;0.4775;0.01;0;1;0.0508;0.5216;0.5;8.4047;1;10;1;0;0.5;1;30;50;1
318.04;1;0;0;0;0;0.175;0;0.175;0.4638;0.01;0;1;0.0493;0.5216;0.5;8.4047;1;10;1;0;1;1;30;50;1
327.67;1;0;0;0;0;0.15;0;0.15;0.4775;0.01;0;1;0.0508;0.5216;0.5;8.4047;1;10;1;0;0.75;1;30;50;1
327.67;1;0;0;0;0;0.15;0;0.15;0.4775;0.01;0;1;0.0508;0.5216;0.5;8.4047;1;10;1;0;1;1;30;50;1
337;1;0;0;0;0.08;0;0;0.08;0.3558;0.031;0;1;0.0608;0.3635;0.5;4.8509;1;12.5;0.33;0;0;1;0;0;1
383;1;0;0;0;0;0;0;0;0.5013;0;0;0;0.0891;0.3792;0.5;4.6266;1;20;0.33;0;0;1;0;0;2
383;1;0;0;0;0;0;0;0;0.5013;0;0;0;0.0891;0.3792;0.5;4.6266;1;20;0.33;0;0.5;1;35;53.85;2
336;1;0;0;0;0;0.2;0;0.2;0.362;0.01;0;1;0.0415;0.5216;0.5;7.7143;1;10;1;0;0;0;0;0;2
383;1;0;0;0;0;0;0;0;0.5013;0;0;0;0.0891;0.3792;0.5;4.6266;1;20;0.33;0;0.5;1;50;50;2
346.5;1;0;0;0;0;0.175;0;0.175;0.373;0.01;0;1;0.0428;0.5216;0.5;7.7143;1;10;1;0;0;0;0;0;2
346.5;1;0;0;0;0;0.175;0;0.175;0.373;0.01;0;1;0.0428;0.5216;0.5;7.7143;1;10;1;0;0.25;1;30;50;2
346.5;1;0;0;0;0;0.175;0;0.175;0.373;0.01;0;1;0.0428;0.5216;0.5;7.7143;1;10;1;0;0.25;1;30;50;2
357;1;0;0;0;0;0.15;0;0.15;0.3857;0.01;0;1;0.0443;0.5216;0.5;7.7143;1;10;1;0;0;0;0;0;2
400;1;0;0;0;0;0;0;0;0.5;0;0;0;0.095;0.437;0.5;4.2625;1;20;0.67;0;0;0;0;0;2
357;1;0;0;0;0;0.15;0;0.15;0.3857;0.01;0;1;0.0443;0.5216;0.5;7.7143;1;10;1;0;0.25;1;30;50;2
357;1;0;0;0;0;0.15;0;0.15;0.3857;0.01;0;1;0.0443;0.5216;0.5;7.7143;1;10;1;0;0.25;1;30;50;2
435.45;1;0;0;0;0;0;0;0;0.4409;0;0;0;0.0887;0.3796;0.5;3.9728;1;12;1;0;0;0;0;0;2
400;1;0;0;0;0;0;0;0;0.5;0;0;0;0.0909;0.3333;0.5;4.5;1;10;0.67;0;0;0;0;0;2
357;1;0;0;0;0;0.15;0;0.15;0.3857;0.01;0;1;0.0443;0.5216;0.5;7.7143;1;10;1;0;0.5;1;30;50;2
357;1;0;0;0;0;0.15;0;0.15;0.3857;0.01;0;1;0.0443;0.5216;0.5;7.7143;1;10;1;0;0.5;1;30;50;2
435.45;1;0;0;0;0;0;0;0;0.4409;0;0;0;0.0887;0.3796;0.5;3.9728;1;12;1;0;0.5;1;50;50;2
299;1;0;0;0;0;0;0;0;0.62;0;0;0;0.0882;0.3907;0.5;6.0268;1;19;0.33;0;0;0;0;0;2
400;1;0;0;0;0;0;0;0;0.5;0;0;0;0.095;0.437;0.5;4.2625;1;20;0.67;0;0.5;1;30;60;2
350;1;0;0;0;0;0;0;0;0.6143;0.015;0;1;0.0986;0.414;0.5;5.2314;1;9.52;1;0;0.72;1;40;33;2
357;1;0;0;0;0;0.15;0;0.15;0.3857;0.01;0;1;0.0443;0.5216;0.5;7.7143;1;10;1;0;0.75;1;30;50;2
357;1;0;0;0;0;0.15;0;0.15;0.3857;0.01;0;1;0.0443;0.5216;0.5;7.7143;1;10;1;0;0.75;1;30;50;2
435.45;1;0;0;0;0;0;0;0;0.4409;0;0;0;0.0887;0.3796;0.5;3.9728;1;12;1;0;0.5;1;35;53.85;2
400;1;0;0;0;0;0;0;0;0.5;0;0;0;0.095;0.437;0.5;4.2625;1;20;0.67;0;1;1;30;60;2
126.6;1;0;0;0;0;0;0.65;0.65;0.6704;0;0;0;0.1178;0.4889;1;4.6926;1;9.5;0.67;0;1;1;30;55;2
350;1;0;0;0;0;0;0;0;0.6143;0.015;0;1;0.0986;0.414;0.5;5.2314;1;9.52;1;0;0.72;1;40;33;2
400;1;0;0;0;0;0;0;0;0.5;0;0;0;0.0909;0.3333;0.5;4.5;1;10;0.67;0;0.25;0.25;50;50;2
297.36;1;0;0;0;0;0;0.3;0.3;0.65;0;0;0;0.13;0.485;0.5;3.9995;1;6.3;0.33;0;0;0;0;0;2
400;1;0;0;0;0;0;0;0;0.5;0;0;0;0.0909;0.3333;0.5;4.5;1;10;0.67;0;0.5;0.25;50;50;2
350;1;0;0;0;0;0;0;0;0.6143;0.015;0;1;0.0986;0.414;0.5;5.2314;1;9.52;1;0;0.72;1;40;33;3
400;1;0;0;0;0;0;0;0;0.5;0;0;0;0.0909;0.3333;0.5;4.5;1;10;0.67;0;0.75;0.25;50;50;3
391;1;0;0;0;0;0;0;0;0.6;0;0;0;0.1151;0.3975;0.5;4.2148;1;20;0.33;0;0;0;0;0;3
343;1;0;0;0;0;0;0;0;0.4946;0.0029;0;1;0.0761;0.4;0.5;5.4956;1;10;0.33;0;0.76;1;30;60;3
345;0;1;0;0;0;0;0;0;0.5545;0.0038;0;1;0.1025;0.4083;0.5;4.4087;0.5;15;0.67;0;0.38;1;50;50;3
400;1;0;0;0;0;0;0;0;0.5;0;0;0;0.0909;0.3333;0.5;4.5;1;10;0.67;0;1;0.25;50;50;3
297.36;1;0;0;0;0;0;0.3;0.3;0.6565;0.0066;0;1;0.1313;0.485;0.5;3.9995;1;6.3;0.33;0;1;1;30;55;3
370;0;1;0;0;0;0;0;0;0.5911;0.01;0;1;0.1097;0.3839;0.5;4.3865;0.5;8;0.67;0;0;0;0;0;3
370;0;1;0;0;0;0;0;0;0.6011;0.02;0;1;0.1122;0.38;0.5;4.3595;0.5;8;0.67;0;0;0;0;0;3
250;1;0;0;0;0;0.2188;0;0.2188;0.5318;0.0068;1;0;0.0791;0.4782;0.5;5.725;1;9.52;1;0;1.5;1;30;55;3
400;1;0;0;0;0;0;0;0;0.5;0;0;0;0.095;0.437;0.5;4.2625;1;20;0.67;0;2;1;30;60;3
299;1;0;0;0;0;0;0;0;0.62;0;0;0;0.0882;0.3907;0.5;6.0268;1;19;0.33;0;0.5;1;50;62.5;3
397.81;1;0;0;0;0;0;0;0;0.353;0.013;0;1;0.0621;0.4188;0.5;4.68;1;19.05;1;0;0.76;1;29.8;53;3
126.6;1;0;0;0;0;0;0.65;0.65;0.6704;0;0;0;0.1178;0.4889;1;4.6926;1;9.5;0.67;0;0;0;0;0;3
400;1;0;0;0;0;0;0;0;0.5;0;0;0;0.095;0.437;0.5;4.2625;1;20;0.67;0;1.5;1;30;60;3
357;1;0;0;0;0;0.15;0;0.15;0.3857;0.01;0;1;0.0443;0.5216;0.5;7.7143;1;10;1;0;1;1;30;50;3
357;1;0;0;0;0;0.15;0;0.15;0.3857;0.01;0;1;0.0443;0.5216;0.5;7.7143;1;10;1;0;1;1;30;50;3
450;1;0;0;0;0;0;0;0;0.45;0;0;0;0.0929;0.7108;0.5;3.8422;1;15;1;0;0.76;1;60;75;3
435.45;1;0;0;0;0;0;0;0;0.4409;0;0;0;0.0887;0.3796;0.5;3.9728;1;12;1;0;0.5;0.5;50;62.5;3
350;1;0;0;0;0;0;0;0;0.6143;0.015;0;1;0.0986;0.414;0.5;5.2314;1;9.52;1;0;0.05;1;40;33;3
350;1;0;0;0;0;0;0;0;0.6143;0.015;0;1;0.0986;0.414;0.5;5.2314;1;9.52;1;0;0.72;1;40;33;3
350;1;0;0;0;0;0;0;0;0.6143;0.015;0;1;0.0986;0.414;0.5;5.2314;1;9.52;1;0;0.72;1;40;33;3
400;0;0;0;1;0;0;0;0;0.4558;0.0058;0;1;0.0829;0.6667;1;4.5;0.5;12;0.67;0;0;0;0;0;3
450;1;0;0;0;0;0;0;0;0.45;0;0;0;0.0929;0.7108;0.5;3.8422;1;15;1;0;0;0;0;0;3
391;1;0;0;0;0;0;0;0;0.6;0;0;0;0.1151;0.3975;0.5;4.2148;1;10;0.33;0;0.51;1;30;50;3
350;1;0;0;0;0;0;0;0;0.6143;0.015;0;1;0.0986;0.414;0.5;5.2314;1;9.52;1;0;0.25;1;40;33;3
385;1;0;0;0;0;0;0;0;0.4483;0.0119;0;1;0.0787;0.4709;1;4.6935;1;25;1;0;0;0;0;0;3
450;1;0;0;0;0;0;0;0;0.45;0;0;0;0.0929;0.7108;0.5;3.8422;1;15;1;0;0;0;0;0;3
410;1;0;0;0;0;0;0;0;0.561;0;0;0;0.1072;0.5199;0.5;4.2317;1;16;0.33;0;0;1;0;0;3
450;1;0;0;0;0;0;0;0;0.45;0;0;0;0.0929;0.7108;0.5;3.8422;1;15;1;0;0.38;1;60;75;3
397.81;1;0;0;0;0;0;0;0;0.353;0.013;0;1;0.0621;0.4188;0.5;4.68;1;19.05;1;0;0;0;0;0;3
397.81;1;0;0;0;0;0;0;0;0.353;0.013;0;1;0.0621;0.4188;0.5;4.68;1;19.05;1;0;1.02;1;38.7;40;3
391;1;0;0;0;0;0;0;0;0.6;0;0;0;0.1151;0.3975;0.5;4.2148;1;10;0.33;0;0;0;0;0;3
410;1;0;0;0;0;0;0;0;0.561;0;0;0;0.1072;0.5199;0.5;4.2317;1;16;0.33;0;1.98;1;50;66.67;3
439;1;0;0;0;0;0;0;0;0.3674;0.0007;0;1;0.0737;0.3551;0.5;3.9841;1;19;0.67;0;0;0.5;50;57;3
450;1;0;0;0;0;0;0;0;0.45;0;0;0;0.0929;0.7108;0.5;3.8422;1;15;1;0;0.57;1;30;60;3
450;1;0;0;0;0;0;0;0;0.45;0;0;0;0.0929;0.7108;0.5;3.8422;1;15;1;0;0;0;0;0;3
299;1;0;0;0;0;0;0;0;0.62;0;0;0;0.0882;0.3907;0.5;6.0268;1;19;0.33;0;0.74;1;50;62.5;3
126.6;1;0;0;0;0;0;0.65;0.65;0.6704;0;0;0;0.1178;0.4889;1;4.6926;1;9.5;0.67;0;0.5;1;30;55;3
450;1;0;0;0;0;0;0;0;0.45;0;0;0;0.0929;0.7108;0.5;3.8422;1;15;1;0;0.76;1;30;60;3
390;1;0;0;0;0;0;0;0;0.6;0;0;0;0.1117;0.419;0.5;4.3692;1;10;0.33;0;0;0;0;0;3
345;0;1;0;0;0;0;0;0;0.5545;0.0038;0;1;0.1025;0.4083;0.5;4.4087;0.5;15;0.67;0;0.57;1;50;50;3
280;1;0;0;0;0;0.3;0;0.3;0.41;0.01;1;0;0.0742;0.4006;0.5;4.525;1;18;0.33;0;1.49;1;60;80;3
450;1;0;0;0;0;0;0;0;0.45;0;0;0;0.0929;0.7108;0.5;3.8422;1;15;1;0;0.57;1;60;75;3
250;1;0;0;0;0;0.2188;0;0.2188;0.5318;0.0068;1;0;0.0791;0.4782;0.5;5.725;1;9.52;1;0;0.75;1;30;55;3
320;1;0;0;0;0;0.2;0;0.2;0.41;0.01;1;0;0.0719;0.4;0.5;4.7;1;18;0.33;0;0;1;0;0;3
126.6;1;0;0;0;0;0;0.65;0.65;0.6704;0;0;0;0.1178;0.4889;1;4.6926;1;9.5;0.67;0;1.5;1;30;55;3
337.31;1;0;0;0;0;0.125;0;0.125;0.4905;0.01;0;1;0.0522;0.5216;0.5;8.4047;1;10;1;0;0;0;0;0;3
450;1;0;0;0;0;0;0;0;0.45;0;0;0;0.0929;0.4216;0.5;3.8422;1;15;1;0;1.15;1;30;60;3
450;1;0;0;0;0;0;0;0;0.45;0;0;0;0.0929;0.7108;0.5;3.8422;1;15;1;0;0.76;1;30;60;3
250;1;0;0;0;0;0.2188;0;0.2188;0.5318;0.0068;1;0;0.0791;0.4782;0.5;5.725;1;9.52;1;0;1.13;1;30;55;3
288;1;0;0;0;0;0.28;0;0.28;0.43;0.01;0;1;0.0782;0.36;0.5;4.5;1;20;0.33;0;0;0;0;0;3
400;0;0;1;0;0;0;0;0;0.43;0.01;0;1;0.0782;0.36;0.5;4.5;1;20;0.33;0;0;0;0;0;3
397.81;1;0;0;0;0;0;0;0;0.353;0.013;0;1;0.0621;0.4188;0.5;4.68;1;19.05;1;0;1.02;1;29.8;53;3
397.81;1;0;0;0;0;0;0;0;0.353;0.013;0;1;0.0621;0.4188;0.5;4.68;1;19.05;1;0;0.51;1;61.6;83;3
290;0;0;0;1;0;0;0;0;0.6328;0.0121;0;1;0.0857;0.5027;1;6.3793;0.5;12;0.67;0;0.64;1;35;78;3
450;1;0;0;0;0;0;0;0;0.45;0;0;0;0.0929;0.4216;0.5;3.8422;1;15;1;0;0.38;1;30;60;3
350;1;0;0;0;0;0;0;0;0.6143;0.015;0;1;0.0986;0.414;0.5;5.2314;1;9.52;1;0;0.58;1;40;33;3
280;1;0;0;0;0;0.3;0;0.3;0.41;0.01;1;0;0.0728;0.4001;0.5;4.63;1;18;0.33;0;0;1;0;0;3
346.95;1;0;0;0;0;0.1;0;0.1;0.505;0.01;0;1;0.0537;0.5216;0.5;8.4047;1;10;1;0;0;0;0;0;3
450;1;0;0;0;0;0;0;0;0.45;0;0;0;0.0929;0.4216;0.5;3.8422;1;15;1;0;0.76;1;30;60;3
345;0;1;0;0;0;0;0;0;0.5545;0.0038;0;1;0.1025;0.4083;0.5;4.4087;0.5;15;0.67;0;0;0;0;0;3
337.31;1;0;0;0;0;0.125;0;0.125;0.4905;0.01;0;1;0.0522;0.5216;0.5;8.4047;1;10;1;0;0.25;1;30;50;3
337.31;1;0;0;0;0;0.125;0;0.125;0.4905;0.01;0;1;0.0522;0.5216;0.5;8.4047;1;10;1;0;0.5;1;30;50;3
280;1;0;0;0;0;0.3;0;0.3;0.41;0.01;1;0;0.0732;0.4;0.5;4.6;1;18;0.33;0;0.5;1;60;80;3
350;1;0;0;0;0;0;0;0;0.6143;0.015;0;1;0.0986;0.414;0.5;5.2314;1;9.52;1;0;0.72;1;40;33;3
351;0;1;0;0;0;0;0;0;0.5046;0.0088;0;1;0.082;0.4027;0.5;5.151;1;12.5;0.33;0;0;1;0;0;3
337;1;0;0;0;0.08;0;0;0.08;0.3558;0.031;0;1;0.0608;0.3635;0.5;4.8509;1;12.5;0.33;0;0.99;1;35;64;3
337.31;1;0;0;0;0;0.125;0;0.125;0.4905;0.01;0;1;0.0522;0.5216;0.5;8.4047;1;10;1;0;0.75;1;30;50;3
297.36;1;0;0;0;0;0;0.3;0.3;0.6599;0.0099;0;1;0.132;0.485;0.5;3.9995;1;6.3;0.33;0;2;1;30;55;3
397.81;1;0;0;0;0;0;0;0;0.353;0.013;0;1;0.0621;0.4188;0.5;4.68;1;19.05;1;0;0.76;1;38.7;40;3
345;0;1;0;0;0;0;0;0;0.5545;0.0038;0;1;0.1025;0.4083;0.5;4.4087;0.5;15;0.67;0;0.38;1;30;50;3
345;0;1;0;0;0;0;0;0;0.5545;0.0038;0;1;0.1025;0.4083;0.5;4.4087;0.5;15;0.67;0;0.38;1;50;50;3
410;1;0;0;0;0;0;0;0;0.561;0;0;0;0.1072;0.5199;0.5;4.2317;1;16;0.33;0;1.49;1;50;66.67;3
280;1;0;0;0;0;0.3;0;0.3;0.41;0.01;1;0;0.0737;0.4;0.5;4.5625;1;18;0.33;0;0.99;1;60;80;3
370;0;1;0;0;0;0;0;0;0.5911;0.0111;0;1;0.1103;0.38;0.5;4.3595;0.5;8;0.67;0;0.76;1;35;65;3
360;1;0;0;0;0;0.1;0;0.1;0.41;0.01;1;0;0.0721;0.4003;0.5;4.69;1;18;0.33;0;0.5;1;60;80;3
356.59;1;0;0;0;0;0.075;0;0.075;0.5164;0.01;0;1;0.0549;0.5216;0.5;8.4047;1;10;1;0;0;0;0;0;3
337.31;1;0;0;0;0;0.125;0;0.125;0.4905;0.01;0;1;0.0522;0.5216;0.5;8.4047;1;10;1;0;1;1;30;50;3
450;1;0;0;0;0;0;0;0;0.45;0;0;0;0.0929;0.7108;0.5;3.8422;1;15;1;0;0.57;1;30;60;3
397.81;1;0;0;0;0;0;0;0;0.353;0.013;0;1;0.0621;0.4188;0.5;4.68;1;19.05;1;0;0.76;1;61.6;83;3
320;1;0;0;0;0;0.2;0;0.2;0.41;0.01;1;0;0.0725;0.3999;0.5;4.6575;1;18;0.33;0;0.5;1;60;80;3
345;0;1;0;0;0;0;0;0;0.5545;0.0038;0;1;0.1025;0.4083;0.5;4.4087;0.5;15;0.67;0;0.38;1;30;50;3
450;1;0;0;0;0;0;0;0;0.45;0;0;0;0.0929;0.4216;0.5;3.8422;1;15;1;0;0;0;0;0;3
450;1;0;0;0;0;0;0;0;0.45;0;0;0;0.0929;0.7108;0.5;3.8422;1;15;1;0;0.38;1;30;60;3
500;1;0;0;0;0;0.3333;0;0.3333;0.4;0;0;0;0.1429;0.6296;0.5;1.8;1;19.05;1;0;0.76;1;50;67;3
368;0;0;1;0;0.08;0;0;0.08;0.43;0.01;0;1;0.0782;0.36;0.5;4.5;1;20;0.33;0;0;0;0;0;3
370;0;1;0;0;0;0;0;0;0.5911;0.01;0;1;0.1105;0.3785;0.5;4.3486;0.5;8;0.67;0;0.51;1;35;65;3
366.22;1;0;0;0;0;0.05;0;0.05;0.5325;0.01;0;1;0.0566;0.5216;0.5;8.4047;1;10;1;0;0;0;0;0;3
250;1;0;0;0;0;0.2188;0;0.2188;0.5318;0.0068;1;0;0.0791;0.4782;0.5;5.725;1;9.52;1;0;0.38;1;30;55;3
397.81;1;0;0;0;0;0;0;0;0.353;0.013;0;1;0.0621;0.4188;0.5;4.68;1;19.05;1;0;0.51;1;29.8;53;3
575;0;0;1;0;0;0;0;0;0.6;0;0;0;0.0931;0.4843;0.5;5.4435;0.5;19.05;0.67;0;0.84;1;30.48;55;3
370;0;1;0;0;0;0;0;0;0.5911;0.01;0;1;0.1101;0.3816;0.5;4.3703;0.5;8;0.67;0;0.25;1;35;65;3
354.75;1;0;0;0;0;0.25;0;0.25;0.3102;0.01;0;1;0.065;0.3765;0.5;3.7738;1;12.5;0.33;0;0;1;0;0;3
253;1;0;0;0;0.12;0.2475;0;0.3675;0.43;0.01;0;1;0.0782;0.36;0.5;4.5;1;20;0.33;0;0;0;0;0;3
337;1;0;0;0;0.08;0;0;0.08;0.3558;0.031;0;1;0.0608;0.3635;0.5;4.8509;1;12.5;0.33;0;0.5;1;35;64;3
375.86;1;0;0;0;0;0.025;0;0.025;0.5463;0.01;0;1;0.0581;0.5216;0.5;8.4047;1;10;1;0;0;0;0;0;3
395;1;0;0;0;0;0;0;0;0.5494;0;0;0;0.1083;0.5647;0.5;4.0709;1;13;0.33;0;0;1;0;0;3
320;1;0;0;0;0;0;0;0;0.5938;0;0;0;0.0876;0.4359;0.5;5.7781;1;25;0.33;0;0.51;1;60;75;3
628;0;0;1;0;0;0.2;0;0.2;0.3287;0.0166;0;1;0.0665;0.3857;0.5;3.9401;0.5;19.05;0.67;0;2.54;0.5;25.4;50;3
370;0;1;0;0;0;0;0;0;0.5911;0.0111;0;1;0.1103;0.38;0.5;4.3595;0.5;8;0.67;0;0;0;0;0;3
422;1;0;0;0;0;0;0;0;0.5076;0.01;0;1;0.1058;0.4891;1;3.7986;1;12;1;0;0;0;0;0;3
370;0;1;0;0;0;0;0;0;0.6061;0.0261;0;1;0.1131;0.38;0.5;4.3595;0.5;8;0.67;0;0;0;0;0;3
360;1;0;0;0;0;0.1;0;0.1;0.41;0.01;1;0;0.0724;0.4002;0.5;4.66;1;18;0.33;0;0.99;1;60;80;3
500;1;0;0;0;0;0.3333;0;0.3333;0.4;0;0;0;0.1429;0.6296;0.5;1.8;1;19.05;1;0;0;0;0;0;3
367.5;1;0;0;0;0;0.125;0;0.125;0.395;0.01;0;1;0.0453;0.5216;0.5;7.7143;1;10;1;0;0;0;0;0;3
337;1;0;0;0;0.08;0;0;0.08;0.3558;0.031;0;1;0.0608;0.3635;0.5;4.8509;1;12.5;0.33;0;1.48;1;35;64;3
410;1;0;0;0;0;0;0;0;0.561;0;0;0;0.1072;0.5199;0.5;4.2317;1;16;0.33;0;0.5;1;50;66.67;3
320;1;0;0;0;0;0.2;0;0.2;0.41;0.01;1;0;0.0731;0.4;0.5;4.6125;1;18;0.33;0;0.99;1;60;80;3
368;0;0;1;0;0.08;0;0;0.08;0.43;0.01;0;1;0.0782;0.36;0.5;4.5;1;20;0.33;0;0.5;0.5;30;60;3
360;1;0;0;0;0;0.1;0;0.1;0.41;0.01;1;0;0.0729;0.3997;0.5;4.6225;1;18;0.33;0;1.49;1;60;80;3
343;1;0;0;0;0;0;0;0;0.51;0.01;0;1;0.0785;0.4;0.5;5.4956;1;10;0.33;0;1.01;1;30;60;3
750;1;0;0;0;0;0;0;0;0.4;0;0;0;0.1429;0.6278;0.5;1.8;1;19.05;1;0;0.76;1;60;80;3
398.67;1;0;0;0;0;0;0;0;0.49;0;0;0;0.0886;0.3422;1;4.53;1;20;0.67;0;0;0;0;0;3
378;1;0;0;0;0;0.1;0;0.1;0.406;0.01;0;1;0.0466;0.5216;0.5;7.7143;1;10;1;0;0;0;0;0;3
367.5;1;0;0;0;0;0.125;0;0.125;0.395;0.01;0;1;0.0453;0.5216;0.5;7.7143;1;10;1;0;0.25;1;30;50;3
383;1;0;0;0;0;0;0;0;0.49;0;0;0;0.0901;0.3491;0.5;4.44;1;20;0.67;0;0;0;0;0;3
290;0;0;0;1;0;0;0;0;0.6286;0.0079;0;1;0.0856;0.4348;1;6.3448;0.5;12;0.67;0;0;0;0;0;3
370;0;1;0;0;0;0;0;0;0.6111;0.03;0;1;0.1146;0.3762;0.5;4.3324;0.5;8;0.67;0;0;0;0;0;3
253;1;0;0;0;0.12;0.2475;0;0.3675;0.43;0.01;0;1;0.0782;0.36;0.5;4.5;1;20;0.33;0;0.5;0.5;30;60;3
410;1;0;0;0;0;0;0;0;0.561;0;0;0;0.1072;0.5199;0.5;4.2317;1;16;0.33;0;0.99;1;50;66.67;3
343;1;0;0;0;0;0;0;0;0.5058;0.0058;0;1;0.0779;0.4;0.5;5.4956;1;10;0.33;0;0.5;1;30;60;3
367.5;1;0;0;0;0;0.125;0;0.125;0.395;0.01;0;1;0.0453;0.5216;0.5;7.7143;1;10;1;0;0.5;1;30;50;3
385;1;0;0;0;0;0;0;0;0.4483;0.0119;0;1;0.0787;0.4709;1;4.6935;1;25;1;0;0.51;1;60;65;3
250;1;0;0;0;0;0.2188;0;0.2188;0.5318;0.0068;1;0;0.0791;0.4782;0.5;5.725;1;9.52;1;0;0;0;0;0;3
349;1;0;0;0;0;0;0;0;0.5899;0.0025;0;1;0.0936;0.4716;1;5.3037;1;12;1;0;0.51;1;60;80;3
395;1;0;0;0;0;0;0;0;0.5494;0;0;0;0.109;0.5649;0.5;4.038;1;13;0.33;0;0.5;1;30;40;3
253;1;0;0;0;0.12;0.2475;0;0.3675;0.43;0.01;0;1;0.0782;0.36;0.5;4.5;1;20;0.33;0;0.5;0.5;60;60;3
343;1;0;0;0;0;0;0;0;0.5033;0.0033;0;1;0.0775;0.4;0.5;5.4956;1;10;0.33;0;0;0;0;0;3
395;1;0;0;0;0;0;0;0;0.5494;0;0;0;0.1113;0.5666;0.5;3.9367;1;13;0.33;0;1.98;1;30;40;3
368;0;0;1;0;0.08;0;0;0.08;0.43;0.01;0;1;0.0782;0.36;0.5;4.5;1;20;0.33;0;0.99;0.5;30;60;3
320;1;0;0;0;0;0.2;0;0.2;0.41;0.01;1;0;0.0736;0.4007;0.5;4.5675;1;18;0.33;0;1.49;1;60;80;3
349;1;0;0;0;0;0;0;0;0.5899;0.0025;0;1;0.0936;0.4716;1;5.3037;1;12;1;0;0.25;1;60;80;3
395;1;0;0;0;0;0;0;0;0.5494;0;0;0;0.1098;0.5655;0.5;4.0025;1;13;0.33;0;0.99;1;30;40;3
253;1;0;0;0;0.12;0.2475;0;0.3675;0.43;0.01;0;1;0.0782;0.36;0.5;4.5;1;20;0.33;0;0.99;0.5;30;60;3
388.5;1;0;0;0;0;0.075;0;0.075;0.417;0.01;0;1;0.0479;0.5216;0.5;7.7143;1;10;1;0;0;0;0;0;3
367.5;1;0;0;0;0;0.125;0;0.125;0.395;0.01;0;1;0.0453;0.5216;0.5;7.7143;1;10;1;0;0.75;1;30;50;3
367.5;1;0;0;0;0;0.125;0;0.125;0.395;0.01;0;1;0.0453;0.5216;0.5;7.7143;1;10;1;0;0.75;1;30;50;3
368;0;0;1;0;0.08;0;0;0.08;0.43;0.01;0;1;0.0782;0.36;0.5;4.5;1;20;0.33;0;1.49;0.5;30;60;3
370;0;1;0;0;0;0;0;0;0.5911;0.01;0;1;0.1103;0.38;0.5;4.3595;0.5;8;0.67;0;0.38;1;35;65;3
370;0;1;0;0;0;0;0;0;0.5911;0.0111;0;1;0.1103;0.38;0.5;4.3595;0.5;8;0.67;0;0.38;1;35;65;3
360;1;0;0;0;0;0.1;0;0.1;0.41;0.01;1;0;0.0716;0.4002;0.5;4.7225;1;18;0.33;0;0;1;0;0;3
253;1;0;0;0;0.12;0.2475;0;0.3675;0.43;0.01;0;1;0.0782;0.36;0.5;4.5;1;20;0.33;0;1.49;0.5;30;60;3
400;1;0;0;0;0;0;0;0;0.41;0.01;1;0;0.0712;0.4002;0.5;4.76;1;18;0.33;0;0;1;0;0;3
750;1;0;0;0;0;0;0;0;0.4;0;0;0;0.1429;0.6278;0.5;1.8;1;19.05;1;0;0;0;0;0;3
253;1;0;0;0;0.12;0.2475;0;0.3675;0.43;0.01;0;1;0.0782;0.36;0.5;4.5;1;20;0.33;0;0.99;0.5;30;60;3
399;1;0;0;0;0;0.05;0;0.05;0.428;0.01;0;1;0.0491;0.5216;0.5;7.7143;1;10;1;0;0;0;0;0;3
375.2;1;0;0;0;0.0501;0;0;0.0501;0.5494;0;0;0;0.1083;0.5647;0.5;4.0709;1;13;0.33;0;0;1;0;0;3
380;1;0;0;0;0;0;0;0;0.4461;0.0066;0;1;0.0765;0.3668;0.5;4.8289;1;19;0.67;0;0.53;0.5;50;57;3
422;1;0;0;0;0;0;0;0;0.5076;0.01;0;1;0.1058;0.4891;1;3.7986;1;12;1;0;1.5;1;60;80;3
250;1;0;0;0;0;0.2188;0;0.2188;0.5318;0.0068;1;0;0.0791;0.4782;0.5;5.725;1;9.52;1;0;0.38;1;30;80;4
385.5;1;0;0;0;0;0;0;0;0.56;0.01;0;1;0.0595;0.5216;0.5;8.4047;1;10;1;0;0;0;0;0;4
385.5;1;0;0;0;0;0;0;0;0.56;0.01;0;1;0.0595;0.5216;0.5;8.4047;1;10;1;0;0.25;1;30;50;4
409;1;0;0;0;0;0.025;0;0.025;0.439;0.01;0;1;0.0503;0.5216;0.5;7.7235;1;10;1;0;0;0;0;0;4
367.5;1;0;0;0;0;0.125;0;0.125;0.395;0.01;0;1;0.0453;0.5216;0.5;7.7143;1;10;1;0;1;1;30;50;4
367.5;1;0;0;0;0;0.125;0;0.125;0.395;0.01;0;1;0.0453;0.5216;0.5;7.7143;1;10;1;0;1;1;30;50;4
408;0;1;0;0;0;0;0;0;0.502;0.002;0;1;0.0954;0.3751;0.5;4.2598;1;16;0.33;0;0.38;1;30;17.65;4
400;0;1;0;0;0;0;0;0;0.4525;0.0125;0;1;0.0827;0.5657;0.5;4.4725;1;12.5;0.33;0;1.27;1;30;60;4
397.81;1;0;0;0;0;0;0;0;0.353;0.013;0;1;0.0621;0.4188;0.5;4.68;1;19.05;1;0;2.04;1;38.7;40;4
250;1;0;0;0;0;0.2188;0;0.2188;0.5318;0.0068;1;0;0.0791;0.4782;0.5;5.725;1;9.52;1;0;0.75;1;30;80;4
324.75;1;0;0;0;0;0.25;0;0.25;0.3102;0.01;0;1;0.0593;0.4444;0.5;4.2356;1;12.5;0.33;0;0;1;0;0;4
343;1;0;0;0;0;0;0;0;0.5075;0.0075;0;1;0.0781;0.4;0.5;5.4956;1;10;0.33;0;0.75;1;30;60;4
349;1;0;0;0;0;0;0;0;0.5899;0.0025;0;1;0.0936;0.4716;1;5.3037;1;12;1;0;0;0;0;0;4
216.5;1;0;0;0;0;0.5;0;0.5;0.3102;0.01;0;1;0.0593;0.4444;0.5;4.2356;1;12.5;0.33;0;1.49;1;30;60;4
288;1;0;0;0;0;0.28;0;0.28;0.43;0.01;0;1;0.0782;0.36;0.5;4.5;1;20;0.33;0;0;0;0;0;4
398.67;1;0;0;0;0;0;0;0;0.498;0.008;0;1;0.0901;0.3422;1;4.53;1;20;0.67;0;0;0;0;0;4
385.5;1;0;0;0;0;0;0;0;0.56;0.01;0;1;0.0595;0.5216;0.5;8.4047;1;10;1;0;0.5;1;30;50;4
306.4;1;0;0;0;0;0;0;0;0.498;0.008;0;1;0.0786;0.3427;0.5;5.34;1;20;0.67;0;0;0;0;0;4
253;1;0;0;0;0.12;0.2475;0;0.3675;0.43;0.01;0;1;0.0782;0.36;0.5;4.5;1;20;0.33;0;1.49;0.5;30;60;4
500;1;0;0;0;0;0.3333;0;0.3333;0.4;0;0;0;0.1429;0.6296;1;1.8;1;12.7;1;0;1.5;1;60;80;4
398.67;1;0;0;0;0;0;0;0;0.498;0.008;0;1;0.0901;0.3422;1;4.53;1;20;0.67;0;0.2;0.5;36;80;4
306.4;1;0;0;0;0;0;0;0;0.498;0.008;0;1;0.0786;0.3427;0.5;5.34;1;20;0.67;0;0.2;0.5;36;80;4
400;1;0;0;0;0;0;0;0;0.41;0.01;1;0;0.0716;0.4003;0.5;4.7275;1;18;0.33;0;0.5;1;60;80;4
575;0;0;1;0;0;0;0;0;0.6;0;0;0;0.0931;0.4843;0.5;5.4435;0.5;19.05;0.67;0;0.84;1;60.96;80;4
398.67;1;0;0;0;0;0;0;0;0.498;0.008;0;1;0.0901;0.3422;1;4.53;1;20;0.67;0;0.4;0.5;36;80;4
385.5;1;0;0;0;0;0;0;0;0.56;0.01;0;1;0.0595;0.5216;0.5;8.4047;1;10;1;0;0.75;1;30;50;4
306.4;1;0;0;0;0;0;0;0;0.498;0.008;0;1;0.0786;0.3427;0.5;5.34;1;20;0.67;0;0.4;0.5;36;80;4
244;1;0;0;0;0;0.3137;0.2362;0.5498;0.3426;0.0216;0;1;0.0883;0.4802;0.5;2.8819;1;25;0.67;0;1.49;1;30;60;4
575;0;0;1;0;0;0;0;0;0.6;0;0;0;0.0931;0.4843;0.5;5.4435;0.5;19.05;0.67;0;2.54;1;30.48;55;4
375.2;1;0;0;0;0.0501;0;0;0.0501;0.5494;0;0;0;0.109;0.5649;0.5;4.038;1;13;0.33;0;0.5;1;30;40;4
460;1;0;0;0;0;0;0;0;0.55;0;0;0;0.1276;0.5522;0.5;3.3109;1;10;0.33;0;0;0;0;0;4
422;1;0;0;0;0;0;0;0;0.5076;0.01;0;1;0.1058;0.4891;1;3.7986;1;12;1;0;1.5;1;30;55;4
343;1;0;0;0;0;0;0;0;0.5133;0.0133;0;1;0.079;0.4;0.5;5.4956;1;10;0.33;0;1.51;1;30;60;4
385.5;1;0;0;0;0;0;0;0;0.56;0.01;0;1;0.0595;0.5216;0.5;8.4047;1;10;1;0;1;1;30;50;4
397.81;1;0;0;0;0;0;0;0;0.353;0.013;0;1;0.0621;0.4188;0.5;4.68;1;19.05;1;0;1.53;1;61.6;83;4
216.5;1;0;0;0;0;0.5;0;0.5;0.3102;0.01;0;1;0.0593;0.4444;0.5;4.2356;1;12.5;0.33;0;0.5;1;30;60;4
354.75;1;0;0;0;0;0.25;0;0.25;0.3102;0.01;0;1;0.065;0.3765;0.5;3.7738;1;12.5;0.33;0;0;1;0;0;4
450;1;0;0;0;0;0;0;0;0.385;0.005;0;1;0.0776;0.7009;0.5;3.96;1;15;1;0;0;0;0;0;4
236.5;1;0;0;0;0;0.5;0;0.5;0.3102;0.01;0;1;0.065;0.3765;0.5;3.7738;1;12.5;0.33;0;1.49;1;30;60;4
400;1;0;0;0;0;0;0;0;0.41;0.01;1;0;0.072;0.3999;0.5;4.695;1;18;0.33;0;0.99;1;60;80;4
375.2;1;0;0;0;0.0501;0;0;0.0501;0.5494;0;0;0;0.1098;0.5655;0.5;4.0025;1;13;0.33;0;0.99;1;30;40;4
350;1;0;0;0;0;0;0;0;0.6143;0.015;0;1;0.0986;0.414;0.5;5.2314;1;9.52;1;0;0.38;1;40;33;4
397.81;1;0;0;0;0;0;0;0;0.353;0.013;0;1;0.0621;0.4188;0.5;4.68;1;19.05;1;0;1.02;1;61.6;83;4
400;0;0;0;1;0;0;0;0;0.4588;0.0088;0;1;0.0834;0.6667;1;4.5;0.5;12;0.67;0;0.64;1;35;78;4
375.2;1;0;0;0;0.0501;0;0;0.0501;0.5494;0;0;0;0.1113;0.5666;0.5;3.9367;1;13;0.33;0;1.98;1;30;40;4
398.67;1;0;0;0;0;0;0;0;0.498;0.008;0;1;0.0901;0.3422;1;4.53;1;20;0.67;0;0.6;0.5;36;80;4
306.4;1;0;0;0;0;0;0;0;0.498;0.008;0;1;0.0786;0.3427;0.5;5.34;1;20;0.67;0;0.6;0.5;36;80;4
460;1;0;0;0;0;0;0;0;0.5;0;0;0;0.116;0.5522;0.5;3.3109;1;20;0.33;0;0;0;0;0;4
324.75;1;0;0;0;0;0.25;0;0.25;0.3102;0.01;0;1;0.0593;0.4444;0.5;4.2356;1;12.5;0.33;0;0;1;0;0;4
400;1;0;0;0;0;0;0;0;0.41;0.01;1;0;0.0726;0.3999;0.5;4.645;1;18;0.33;0;1.49;1;60;80;4
236.5;1;0;0;0;0;0.5;0;0.5;0.3102;0.01;0;1;0.065;0.3765;0.5;3.7738;1;12.5;0.33;0;0.5;1;30;60;4
324.75;1;0;0;0;0;0.25;0;0.25;0.3102;0.01;0;1;0.0593;0.4444;0.5;4.2356;1;12.5;0.33;0;1.49;1;30;60;4
355.5;1;0;0;0;0.1;0;0;0.1;0.5494;0;0;0;0.1083;0.5647;0.5;4.0709;1;13;0.33;0;0;1;0;0;4
276.48;1;0;0;0;0.04;0.2688;0;0.3088;0.43;0.01;0;1;0.0782;0.36;0.5;4.5;1;20;0.33;0;0;0;0;0;4
500;1;0;0;0;0;0.3333;0;0.3333;0.4;0;0;0;0.1429;0.6296;1;1.8;1;12.7;1;0;0;0;0;0;4
420;1;0;0;0;0;0;0;0;0.45;0.01;0;1;0.0516;0.5216;0.5;7.7143;1;10;1;0;0;0;0;0;4
575;0;0;1;0;0;0;0;0;0.6;0;0;0;0.0931;0.4843;0.5;5.4435;0.5;19.05;0.67;0;2.54;1;60.96;80;4
460;1;0;0;0;0;0;0;0;0.5;0;0;0;0.116;0.5522;0.5;3.3109;1;10;0.33;0;0;0;0;0;4
276.48;1;0;0;0;0.04;0.2688;0;0.3088;0.43;0.01;0;1;0.0782;0.36;0.5;4.5;1;20;0.33;0;0.5;0.5;30;60;4
439;1;0;0;0;0;0;0;0;0.3695;0.0027;0;1;0.0741;0.3551;0.5;3.9841;1;19;0.67;0;0.53;0.5;50;57;4
216.5;1;0;0;0;0;0.5;0;0.5;0.3102;0.01;0;1;0.0593;0.4444;0.5;4.2356;1;12.5;0.33;0;1.49;1;30;60;4
375;1;0;0;0;0;0;0;0;0.4367;0.01;0;1;0.0739;0.4212;0.5;4.9067;1;20;0.33;0;0;0;0;0;4
375;1;0;0;0;0;0;0;0;0.4367;0.01;0;1;0.0739;0.4212;0.5;4.9067;1;20;0.33;0;0.51;1;30;60;4
276.48;1;0;0;0;0.04;0.2688;0;0.3088;0.43;0.01;0;1;0.0782;0.36;0.5;4.5;1;20;0.33;0;0.5;0.5;60;60;4
375;1;0;0;0;0;0;0;0;0.4367;0.01;0;1;0.0739;0.4212;0.5;4.9067;1;20;0.33;0;0;0;0;0;4
375;1;0;0;0;0;0;0;0;0.4367;0.01;0;1;0.0739;0.4212;0.5;4.9067;1;20;0.33;0;1.02;1;30;60;4
375;1;0;0;0;0;0;0;0;0.4367;0.01;0;1;0.0739;0.4212;0.5;4.9067;1;20;0.33;0;1.53;1;30;60;4
450;1;0;0;0;0;0;0;0;0.385;0.005;0;1;0.0776;0.7009;0.5;3.96;1;15;1;0;0.38;1;60;75;4
375;1;0;0;0;0;0;0;0;0.4367;0.01;0;1;0.0739;0.4212;0.5;4.9067;1;20;0.33;0;0.51;1;30;60;4
375;1;0;0;0;0;0;0;0;0.4367;0.01;0;1;0.0739;0.4212;0.5;4.9067;1;20;0.33;0;1.02;1;30;60;4
504.29;0;0;1;0;0;0;0;0;0.3115;0.035;0;1;0.0725;0.4464;1;3.2941;1;19.05;1;0.005;0.99;1;50;100;4
375;1;0;0;0;0;0;0;0;0.4367;0.01;0;1;0.0739;0.4212;0.5;4.9067;1;20;0.33;0;1.53;1;30;60;4
390;1;0;0;0;0;0.35;0;0.35;0.315;0.005;0;1;0.0881;0.489;0.5;2.5749;1;16;0.67;0;0;0;0;0;4
241.92;1;0;0;0;0.16;0.2352;0;0.3952;0.43;0.01;0;1;0.0782;0.36;0.5;4.5;1;20;0.33;0;0;0;0;0;4
276.48;1;0;0;0;0.04;0.2688;0;0.3088;0.43;0.01;0;1;0.0782;0.36;0.5;4.5;1;20;0.33;0;0.99;0.5;30;60;4
264.6;1;0;0;0;0.08;0.2585;0;0.3385;0.43;0.01;0;1;0.0782;0.36;0.5;4.5;1;20;0.33;0;0;0;0;0;4
277.6;1;0;0;0;0;0.2;0;0.2;0.3818;0.012;0;1;0.0804;0.3757;1;3.748;1;12;1;0.0014;0;0;0;0;4
276.48;1;0;0;0;0.04;0.2688;0;0.3088;0.43;0.01;0;1;0.0782;0.36;0.5;4.5;1;20;0.33;0;0.99;0.5;60;60;4
276.48;1;0;0;0;0.04;0.2688;0;0.3088;0.43;0.01;0;1;0.0782;0.36;0.5;4.5;1;20;0.33;0;1.49;0.5;30;60;4
236.5;1;0;0;0;0;0.5;0;0.5;0.3102;0.01;0;1;0.065;0.3765;0.5;3.7738;1;12.5;0.33;0;1.49;1;30;60;4
253.44;1;0;0;0;0.12;0.2464;0;0.3664;0.43;0.01;0;1;0.0782;0.36;0.5;4.5;1;20;0.33;0;0;0;0;0;4
276.48;1;0;0;0;0.04;0.2688;0;0.3088;0.43;0.01;0;1;0.0782;0.36;0.5;4.5;1;20;0.33;0;1.49;0.5;60;60;4
420;1;0;0;0;0;0;0;0;0.45;0.01;0;1;0.0516;0.5216;0.5;7.7143;1;10;1;0;0.25;1;30;50;4
391;1;0;0;0;0;0;0;0;0.6;0;0;0;0.1151;0.3975;0.5;4.2148;1;10;0.33;0;1.02;1;30;50;4
264.6;1;0;0;0;0.08;0.2585;0;0.3385;0.43;0.01;0;1;0.0782;0.36;0.5;4.5;1;20;0.33;0;0.5;0.5;30;60;4
250;1;0;0;0;0;0.2188;0;0.2188;0.5318;0.0068;1;0;0.0791;0.4782;0.5;5.725;1;9.52;1;0;1.13;1;30;80;4
450;1;0;0;0;0;0;0;0;0.385;0.005;0;1;0.0774;0.4096;0.5;3.9711;1;15;0.67;0;0;0;0;0;4
264.6;1;0;0;0;0.08;0.2585;0;0.3385;0.43;0.01;0;1;0.0782;0.36;0.5;4.5;1;20;0.33;0;0.5;0.5;60;60;4
253.44;1;0;0;0;0.12;0.2464;0;0.3664;0.43;0.01;0;1;0.0782;0.36;0.5;4.5;1;20;0.33;0;0.5;0.5;30;60;4
456;1;0;0;0;0;0;0;0;0.4202;0;0;0;0.0869;0.3203;0.5;3.8342;1;16;0.67;0;0;0;0;0;4
354.75;1;0;0;0;0;0.25;0;0.25;0.3102;0.01;0;1;0.065;0.3765;0.5;3.7738;1;12.5;0.33;0;1.49;1;30;60;4
264.6;1;0;0;0;0.08;0.2585;0;0.3385;0.43;0.01;0;1;0.0782;0.36;0.5;4.5;1;20;0.33;0;0.99;0.5;30;60;4
253.44;1;0;0;0;0.12;0.2464;0;0.3664;0.43;0.01;0;1;0.0782;0.36;0.5;4.5;1;20;0.33;0;0.5;0.5;60;60;4
398.67;1;0;0;0;0;0;0;0;0.498;0.008;0;1;0.0901;0.3422;1;4.53;1;20;0.67;0;0.8;0.5;36;80;4
306.4;1;0;0;0;0;0;0;0;0.498;0.008;0;1;0.0786;0.3427;0.5;5.34;1;20;0.67;0;0.8;0.5;36;80;4
397.81;1;0;0;0;0;0;0;0;0.353;0.013;0;1;0.0621;0.4188;0.5;4.68;1;19.05;1;0;1.53;1;38.7;40;4
390;1;0;0;0;0;0.35;0;0.35;0.315;0.005;0;1;0.0887;0.489;0.5;2.5522;1;16;0.67;0;0.5;0.25;32.2;35;4
355.5;1;0;0;0;0.1;0;0;0.1;0.5494;0;0;0;0.109;0.5649;0.5;4.038;1;13;0.33;0;0.5;1;30;40;4
264.6;1;0;0;0;0.08;0.2585;0;0.3385;0.43;0.01;0;1;0.0782;0.36;0.5;4.5;1;20;0.33;0;0.99;0.5;60;60;4
264.6;1;0;0;0;0.08;0.2585;0;0.3385;0.43;0.01;0;1;0.0782;0.36;0.5;4.5;1;20;0.33;0;1.49;0.5;30;60;4
244;1;0;0;0;0;0.3137;0.2362;0.5498;0.3426;0.0216;0;1;0.0859;0.4799;0.5;2.9871;1;25;0.67;0;0;0;0;0;4
253.44;1;0;0;0;0.12;0.2464;0;0.3664;0.43;0.01;0;1;0.0782;0.36;0.5;4.5;1;20;0.33;0;0.99;0.5;30;60;4
460;1;0;0;0;0.0991;0;0;0.0991;0.3604;0;0;0;0.0832;0.3514;0.5;3.3333;1;9.52;0.33;0;0;1;0;0;4
302.54;1;0;0;0;0;0;0.3;0.3;0.4889;0;0;0;0.0939;0.4188;0.5;4.2041;1;6.3;0.33;0;0;0;0;0;4
253.44;1;0;0;0;0.12;0.2464;0;0.3664;0.43;0.01;0;1;0.0782;0.36;0.5;4.5;1;20;0.33;0;0.99;0.5;60;60;4
264.6;1;0;0;0;0.08;0.2585;0;0.3385;0.43;0.01;0;1;0.0782;0.36;0.5;4.5;1;20;0.33;0;1.49;0.5;60;60;4
412.37;1;0;0;0;0;0;0;0;0.36;0.01;0;1;0.0658;0.3199;0.5;4.47;1;10;0.67;0;0;0;0;0;4
390;1;0;0;0;0;0.35;0;0.35;0.315;0.005;0;1;0.0887;0.489;0.5;2.5522;1;16;0.67;0;0.5;0.25;13.8;15;4
253.44;1;0;0;0;0.12;0.2464;0;0.3664;0.43;0.01;0;1;0.0782;0.36;0.5;4.5;1;20;0.33;0;1.49;0.5;30;60;4
355.5;1;0;0;0;0.1;0;0;0.1;0.5494;0;0;0;0.1098;0.5655;0.5;4.0025;1;13;0.33;0;0.99;1;30;40;4
253.44;1;0;0;0;0.12;0.2464;0;0.3664;0.43;0.01;0;1;0.0782;0.36;0.5;4.5;1;20;0.33;0;1.49;0.5;60;60;4
277.6;1;0;0;0;0;0.2;0;0.2;0.3818;0.012;0;1;0.0804;0.3757;1;3.748;1;12;1;0.0014;0.52;0.5;38;38;4
390;1;0;0;0;0;0.35;0;0.35;0.315;0.005;0;1;0.0887;0.489;0.5;2.5522;1;16;0.67;0;0.5;0.25;23;25;4
302.54;1;0;0;0;0;0;0.3;0.3;0.4938;0.0049;0;1;0.0949;0.4188;0.5;4.2041;1;6.3;0.33;0;0.76;1;50;45;4
355.5;1;0;0;0;0.1;0;0;0.1;0.5494;0;0;0;0.1113;0.5666;0.5;3.9367;1;13;0.33;0;1.98;1;30;40;4
390;1;0;0;0;0;0.35;0;0.35;0.3149;0.0049;0;1;0.0898;0.489;0.5;2.5069;1;16;0.67;0;1.5;0.25;23;25;4
390;1;0;0;0;0;0.35;0;0.35;0.3149;0.0049;0;1;0.0898;0.489;0.5;2.5069;1;16;0.67;0;1.5;0.25;32.2;35;4
420;1;0;0;0;0;0;0;0;0.45;0.01;0;1;0.0516;0.5216;0.5;7.7143;1;10;1;0;0.5;1;30;50;4
420;1;0;0;0;0;0;0;0;0.45;0.01;0;1;0.0516;0.5216;0.5;7.7143;1;10;1;0;0.75;1;30;50;4
236.5;1;0;0;0;0;0.5;0;0.5;0.3102;0.01;0;1;0.065;0.3765;0.5;3.7738;1;12.5;0.33;0;0.5;1;30;60;4
350;1;0;0;0;0;0;0;0;0.5514;0;0;1;0.0889;0.4093;0.5;5.2;1;20;0.67;0;0;0;0;0;4
390;1;0;0;0;0;0.35;0;0.35;0.3149;0.0049;0;1;0.0898;0.489;0.5;2.5069;1;16;0.67;0;1.5;0.25;13.8;15;4
398.67;1;0;0;0;0;0;0;0;0.498;0.008;0;1;0.0901;0.3422;1;4.53;1;20;0.67;0;1;0.5;36;80;4
306.4;1;0;0;0;0;0;0;0;0.498;0.008;0;1;0.0786;0.3427;0.5;5.34;1;20;0.67;0;1;0.5;36;80;4
460;1;0;0;0;0;0;0;0;0.45;0;0;0;0.1044;0.5522;0.5;3.3109;1;10;0.33;0;0;0;0;0;4
354.75;1;0;0;0;0;0.25;0;0.25;0.3102;0.01;0;1;0.065;0.3765;0.5;3.7738;1;12.5;0.33;0;0.5;1;30;60;4
324.75;1;0;0;0;0;0.25;0;0.25;0.3102;0.01;0;1;0.0593;0.4444;0.5;4.2356;1;12.5;0.33;0;0.5;1;30;60;4
390;1;0;0;0;0;0.35;0;0.35;0.3149;0.0049;0;1;0.0892;0.489;0.5;2.5296;1;16;0.67;0;1;0.25;32.2;35;4
324.75;1;0;0;0;0;0.25;0;0.25;0.3102;0.01;0;1;0.0593;0.4444;0.5;4.2356;1;12.5;0.33;0;0.5;1;30;60;4
460;1;0;0;0;0.0991;0;0;0.0991;0.3604;0;0;0;0.0832;0.3514;0.5;3.3333;1;9.52;0.33;0;1.98;1;30;60;4
450;1;0;0;0;0;0;0;0;0.385;0.005;0;1;0.0776;0.7009;0.5;3.96;1;15;1;0;0.57;1;60;75;4
277.6;1;0;0;0;0;0.2;0;0.2;0.3818;0.012;0;1;0.0804;0.3757;1;3.748;1;12;1;0.0014;0.79;0.5;38;38;4
390;1;0;0;0;0;0.35;0;0.35;0.3149;0.0049;0;1;0.0892;0.489;0.5;2.5296;1;16;0.67;0;1;0.25;13.8;15;4
390;1;0;0;0;0;0.35;0;0.35;0.3149;0.0049;0;1;0.0892;0.489;0.5;2.5296;1;16;0.67;0;1;0.25;23;25;4
504.29;0;0;1;0;0;0;0;0;0.3115;0.035;0;1;0.0725;0.4464;1;3.2941;1;19.05;1;0.005;1.98;1;40;80;4
244;1;0;0;0;0;0.3137;0.2362;0.5498;0.3426;0.0216;0;1;0.0875;0.4801;0.5;2.917;1;25;0.67;0;0.99;1;30;60;4
521.75;1;0;0;0;0;0.3333;0;0.3333;0.2667;0;0;0;0.0952;0.6296;0.5;1.8;1;19.05;1;0;0;0;0;0;4
504.29;0;0;1;0;0;0;0;0;0.3115;0.035;0;1;0.0725;0.4464;1;3.2941;1;19.05;1;0.005;0;0;0;0;4
450;1;0;0;0;0;0;0;0;0.385;0.005;0;1;0.0774;0.4096;0.5;3.9711;1;15;0.67;0;0.38;1;60;80;4
420;1;0;0;0;0;0;0;0;0.45;0.01;0;1;0.0516;0.5216;0.5;7.7143;1;10;1;0;1;1;30;50;4
434;1;0;0;0;0.1667;0;0;0.1667;0.275;0.025;0;1;0.0635;0.5;0.5;3.3333;0.5;2.29;0.67;0;0.8;0.75;25.4;28.1;4
216.5;1;0;0;0;0;0.5;0;0.5;0.3102;0.01;0;1;0.0593;0.4444;0.5;4.2356;1;12.5;0.33;0;0.5;1;30;60;4
343;1;0;0;0;0;0;0;0;0.3668;0.0168;0;1;0.0565;0.4;0.5;5.4956;1;10;0.33;0;0.74;1;30;60;4
393.44;1;0;0;0;0;0;0;0;0.5;0;0;0;0.0893;0.3913;0.5;4.6;1;10;0.33;0;0;1;0;0;4
412.37;1;0;0;0;0;0;0;0;0.36;0.01;0;1;0.0658;0.3199;0.5;4.47;1;10;0.67;0;0.99;1;30;67;5
277.6;1;0;0;0;0;0.2;0;0.2;0.3818;0.012;0;1;0.0804;0.3757;1;3.748;1;12;1;0.0014;0.52;1;30;55;5
412.37;1;0;0;0;0;0;0;0;0.36;0.01;0;1;0.0658;0.3199;0.5;4.47;1;10;0.67;0;0.99;1;30;60;5
340;1;0;0;0;0;0;0;0;0.5047;0.0047;0;1;0.0792;0.3916;0.5;5.3706;1;10;0.33;0;0.75;1;30;60;5
277.6;1;0;0;0;0;0.2;0;0.2;0.3818;0.012;0;1;0.0804;0.3757;1;3.748;1;12;1;0.0014;1.04;0.5;38;38;5
277.6;1;0;0;0;0;0.2;0;0.2;0.3818;0.012;0;1;0.0804;0.3757;1;3.748;1;12;1;0.0014;0.79;1;30;55;5
244;1;0;0;0;0;0.3137;0.2362;0.5498;0.3426;0.0216;0;1;0.0867;0.48;0.5;2.952;1;25;0.67;0;0.5;1;30;60;5
533.95;0;0;1;0;0.1;0;0;0.1;0.2295;0.0315;0;1;0.0604;0.4464;1;2.8;1;19.05;1;0.0027;0.99;1;30;60;5
354.75;1;0;0;0;0;0.25;0;0.25;0.3102;0.01;0;1;0.065;0.3765;0.5;3.7738;1;12.5;0.33;0;0.5;1;30;60;5
412.37;1;0;0;0;0;0;0;0;0.36;0.01;0;1;0.0658;0.3199;0.5;4.47;1;10;0.67;0;1.98;1;30;67;5
393.44;1;0;0;0;0;0;0;0;0.5;0;0;0;0.0893;0.3913;0.5;4.6;1;10;0.33;0;0.99;1;40;100;5
450;1;0;0;0;0;0;0;0;0.36;0.01;0;1;0.0743;0.7368;0.5;3.8422;1;15;1;0;0.57;1;60;75;5
277.6;1;0;0;0;0;0.2;0;0.2;0.3818;0.012;0;1;0.0804;0.3757;1;3.748;1;12;1;0.0014;1.04;1;30;55;5
450;1;0;0;0;0;0;0;0;0.36;0.01;0;1;0.0743;0.7368;0.5;3.8422;1;15;1;0;0.76;1;60;75;5
393.44;1;0;0;0;0;0;0;0;0.5;0;0;0;0.0893;0.3913;0.5;4.6;1;10;0.33;0;1.98;1;40;100;5
412.37;1;0;0;0;0;0;0;0;0.36;0.01;0;1;0.0658;0.3199;0.5;4.47;1;10;0.67;0;0.99;1;35;50;5
350;1;0;0;0;0;0;0.3;0.3;0.3653;0.0053;0;1;0.0877;0.4962;0.5;3.164;1;10;0.33;0;1.82;0.25;25;50;5
450;1;0;0;0;0;0;0;0;0.5436;0.008;0;1;0.1148;0.45;0.5;3.7333;1;20;1;0;1.5;1;60;65;5
450;1;0;0;0;0;0;0;0;0.5436;0.008;0;1;0.1148;0.45;0.5;3.7333;1;20;1;0;0.5;1;60;55;5
350;1;0;0;0;0;0;0.3;0.3;0.3635;0.0035;0;1;0.0851;0.4963;0.5;3.272;1;10;0.33;0;0;0;0;0;5
504.29;0;0;1;0;0;0;0;0;0.3115;0.035;0;1;0.0725;0.4464;1;3.2941;1;19.05;1;0.005;1.98;1;30;60;5
450;1;0;0;0;0;0;0;0;0.36;0.01;0;1;0.0743;0.7368;0.5;3.8422;1;15;1;0;0.38;1;60;75;5
412.37;1;0;0;0;0;0;0;0;0.36;0.01;0;1;0.0658;0.3199;0.5;4.47;1;10;0.67;0;1.98;1;30;60;5
504.29;0;0;1;0;0;0;0;0;0.3115;0.035;0;1;0.0725;0.4464;1;3.2941;1;19.05;1;0.005;0.99;1;30;60;5
412.37;1;0;0;0;0;0;0;0;0.36;0.01;0;1;0.0658;0.3199;0.5;4.47;1;10;0.67;0;2.98;1;30;67;5
500;1;0;0;0;0;0;0;0;0.4815;0.0065;0;1;0.1136;0.5;0.5;3.24;0.5;8;0.67;0;0;0;0;0;5
393.44;1;0;0;0;0;0;0;0;0.5;0;0;0;0.0893;0.3913;0.5;4.6;1;10;0.33;0;2.98;1;40;100;5
412.37;1;0;0;0;0;0;0;0;0.36;0.01;0;1;0.0658;0.3199;0.5;4.47;1;10;0.67;0;1.98;1;35;50;5
504.29;0;0;1;0;0;0;0;0;0.3115;0.035;0;1;0.0725;0.4464;1;3.2941;1;19.05;1;0.005;0.99;1;40;80;5
354.75;1;0;0;0;0;0.25;0;0.25;0.3102;0.01;0;1;0.065;0.3765;0.5;3.7738;1;12.5;0.33;0;1.49;1;30;60;5
350;1;0;0;0;0;0;0.3;0.3;0.3635;0.0035;0;1;0.0855;0.4963;0.5;3.252;1;10;0.33;0;0.36;1;13;65;5
450;1;0;0;0;0;0;0;0;0.5436;0.008;0;1;0.1148;0.45;0.5;3.7333;1;20;1;0;0.5;1;60;80;5
350;1;0;0;0;0;0;0.3;0.3;0.3643;0.0043;0;1;0.0862;0.4963;0.5;3.228;1;10;0.33;0;0.73;0.25;25;50;5
350;1;0;0;0;0;0;0.3;0.3;0.3635;0.0035;0;1;0.0855;0.4963;0.5;3.252;1;10;0.33;0;0.36;0.25;25;50;5
450;1;0;0;0;0;0;0;0;0.385;0.005;0;1;0.0774;0.4096;0.5;3.9711;1;15;0.67;0;0.57;1;60;80;5
450;1;0;0;0;0;0;0;0;0.5436;0.008;0;1;0.1148;0.45;0.5;3.7333;1;20;1;0;1.5;1;60;80;5
412.37;1;0;0;0;0;0;0;0;0.36;0.01;0;1;0.0658;0.3199;0.5;4.47;1;10;0.67;0;2.98;1;30;60;5
434;1;0;0;0;0.1667;0;0;0.1667;0.275;0.025;0;1;0.0635;0.5;0.5;3.3333;0.5;9.52;0.67;0;0.8;1;25.4;50;5
328;0;1;0;0;0.0479;0;0;0.0479;0.5715;0.0127;0;1;0.0954;0.5872;0.5;4.9927;1;16;1;0;0.75;1;35;80;5
350;1;0;0;0;0;0;0.3;0.3;0.365;0.005;0;1;0.0872;0.4965;0.5;3.186;1;10;0.33;0;1.46;0.25;25;50;5
450;1;0;0;0;0;0;0;0;0.5436;0.008;0;1;0.1148;0.45;0.5;3.7333;1;20;1;0;1;1;60;55;5
410;1;0;0;0;0;0;0;0;0.414;0.014;0;1;0.0791;0.5199;0.5;4.2317;1;10;0.67;0;0;0;0;0;5
410;1;0;0;0;0;0;0;0;0.4117;0.0117;0;1;0.0757;0.4286;0.5;4.439;1;16;0.33;0;0;1;0;0;5
450;1;0;0;0;0;0;0;0;0.5436;0.008;0;1;0.1148;0.45;0.5;3.7333;1;20;1;0;1;1;60;80;5
450;1;0;0;0;0;0;0;0;0.5436;0.008;0;1;0.1148;0.45;0.5;3.7333;1;20;1;0;0.5;1;60;65;5
450;1;0;0;0;0;0;0;0;0.5436;0.008;0;1;0.1148;0.45;0.5;3.7333;1;20;1;0;1;1;60;65;5
324.75;1;0;0;0;0;0.25;0;0.25;0.3102;0.01;0;1;0.0593;0.4444;0.5;4.2356;1;12.5;0.33;0;1.49;1;30;60;5
400;0;1;0;0;0;0.2308;0;0.2308;0.3192;0.0115;0;1;0.0736;0.3001;1;3.335;1;15;1;0;0.38;1;30;60;5
500;1;0;0;0;0;0;0;0;0.4815;0.0065;0;1;0.1136;0.5;0.5;3.24;0.5;8;0.67;0;1;1;25;62.5;5
410;1;0;0;0;0;0;0;0;0.414;0.014;0;1;0.0791;0.5199;0.5;4.2317;1;10;0.67;0;2;1;50;67;5
410;1;0;0;0;0;0;0;0;0.4117;0.0117;0;1;0.0757;0.4286;0.5;4.439;1;16;0.33;0;1.98;1;50;66.67;5
500;1;0;0;0;0;0;0;0;0.4815;0.0065;0;1;0.1136;0.5;0.5;3.24;0.5;8;0.67;0;1;0.25;25;62.5;5
328;0;1;0;0;0.0479;0;0;0.0479;0.57;0.0112;0;1;0.0948;0.5875;0.5;5.0102;1;16;1;0;0.5;1;60;65;5
308;0;1;0;0;0.0906;0;0;0.0906;0.5823;0.014;0;1;0.0967;0.5812;0.5;5.0192;1;16;1;0;0.75;0.25;13;80;5
400;0;1;0;0;0;0.2308;0;0.2308;0.3192;0.0115;0;1;0.0738;0.3001;1;3.3244;1;15;1;0;0.57;1;30;60;5
416;1;0;0;0;0.0502;0;0;0.0502;0.4162;0.0166;0;1;0.0822;0.3884;0.5;4.0616;1;12.5;0.67;0;0;0;0;0;5
375;1;0;0;0;0.1667;0;0;0.1667;0.4044;0.0133;0;1;0.0821;0.5758;0.5;3.9289;0.5;10;0.67;0;1;1;50;83;5
450;1;0;0;0;0;0;0;0;0.36;0.01;0;1;0.0743;0.7368;0.5;3.8422;1;15;1;0;0;0;0;0;5
450;1;0;0;0;0;0;0;0;0.5436;0.008;0;1;0.1148;0.45;0.5;3.7333;1;20;1;0;0;0;0;0;5
401.7;1;0;0;0;0;0;0;0;0.4401;0.0189;0;1;0.0985;0.5514;0.5;3.4675;1;12;0.67;0;0.57;1;60;80;5
412.37;1;0;0;0;0;0;0;0;0.36;0.01;0;1;0.0658;0.3199;0.5;4.47;1;10;0.67;0;2.98;1;35;50;5
400;0;1;0;0;0;0.2308;0;0.2308;0.3192;0.0115;0;1;0.074;0.3001;1;3.314;1;15;1;0;0.76;1;30;60;5
450;1;0;0;0;0;0;0;0;0.5436;0.008;0;1;0.1148;0.45;0.5;3.7333;1;20;1;0;1.5;1;60;55;5
350;1;0;0;0;0;0;0.3;0.3;0.3645;0.0045;0;1;0.0866;0.4963;0.5;3.208;1;10;0.33;0;1.09;0.25;25;50;5
400;0;1;0;0;0;0.2308;0;0.2308;0.3192;0.0115;0;1;0.0733;0.3001;1;3.3556;1;15;1;0;0;0;0;0;5
558;1;0;0;0;0;0;0;0;0.3495;0.01;0;1;0.09;0.5647;0.5;2.8817;1;13;0.33;0;0;1;0;0;5
328;0;1;0;0;0.0479;0;0;0.0479;0.5715;0.0127;0;1;0.0954;0.5872;0.5;4.9927;1;16;1;0;0.75;1;35;65;5
302.54;1;0;0;0;0;0;0.3;0.3;0.4987;0.0098;0;1;0.0958;0.4188;0.5;4.2041;1;6.3;0.33;0;1.52;1;50;45;5
558;1;0;0;0;0;0;0;0;0.3495;0.01;0;1;0.0906;0.5649;0.5;2.8584;1;13;0.33;0;0.5;1;30;40;5
533.95;0;0;1;0;0.1;0;0;0.1;0.2295;0.0315;0;1;0.0604;0.4464;1;2.8;1;19.05;1;0.0027;0.99;1;50;100;5
450;1;0;0;0;0;0;0;0;0.3994;0.0127;0;1;0.0829;0.397;0.5;3.8178;1;9.52;1;0;1.13;1;30;55;5
400;0;1;0;0;0;0.2308;0;0.2308;0.3192;0.0115;0;1;0.0735;0.3;1;3.345;1;15;1;0;0.19;1;30;60;5
350;1;0;0;0;0;0;0.3;0.3;0.3661;0.0061;0;1;0.0883;0.4962;0.5;3.144;1;10;0.33;0;2.19;0.25;25;50;5
416;1;0;0;0;0.0502;0;0;0.0502;0.4162;0.0166;0;1;0.0827;0.389;0.5;4.032;1;12.5;0.67;0;0.5;1;36;80;5
350;0;0;1;0;0;0;0;0;0.46;0.01;0;1;0.0719;0.48;0.5;5.4;0.5;16;0.67;0;0.76;1;60;80;5
628;0;0;1;0;0;0.2;0;0.2;0.3287;0.0166;0;1;0.0665;0.3857;0.5;3.9401;0.5;19.05;0.67;0;0.84;1;40.64;53;5
558;1;0;0;0;0;0;0;0;0.3495;0.01;0;1;0.0923;0.5666;0.5;2.7867;1;13;0.33;0;1.98;1;30;40;5
380;0;1;0;0;0;0;0;0;0.357;0.007;0;1;0.0612;0.4535;0.5;4.8342;1;14;1;0.0013;0;0;0;0;6
327;1;0;0;0;0.0612;0.1973;0;0.2585;0.2959;0.0216;0;1;0.0572;0.3987;0.5;4.1746;1;10;0.33;0.0004;0;0;0;0;6
558;1;0;0;0;0;0;0;0;0.3495;0.01;0;1;0.0912;0.5655;0.5;2.8333;1;13;0.33;0;0.99;1;30;40;6
372;1;0;0;0;0.07;0;0;0.07;0.42;0.02;0;1;0.0734;0.3968;0.5;4.725;1;20;0.67;0;0.5;1;30;60;6
394.2;1;0;0;0;0.1;0;0;0.1;0.4153;0.0158;0;1;0.082;0.3884;0.5;4.0616;1;12.5;0.67;0;0;0;0;0;6
450;1;0;0;0;0.0526;0;0;0.0526;0.3895;0.0526;0;1;0.0776;0.4084;0.5;4.0211;1;20;0.33;0;0;1;0;0;6
415.3;1;0;0;0;0;0;0;0;0.39;0.0043;0;1;0.0726;0.289;0.5;4.3742;1;12.7;1;0;0.84;1;60;80;6
530.1;1;0;0;0;0.05;0;0;0.05;0.3495;0.01;0;1;0.09;0.5647;0.5;2.8817;1;13;0.33;0;0;1;0;0;6
380;0;1;0;0;0;0;0;0;0.359;0.009;0;1;0.0615;0.4535;0.5;4.8342;1;14;1;0.0013;0.6;0.75;54;54;6
364.3;1;0;0;0;0;0;0;0;0.2761;0.0189;0;1;0.068;0.3992;0.5;3.0582;1;12;0.67;0;0.38;1;60;80;6
450;1;0;0;0;0;0;0;0;0.3994;0.0127;0;1;0.0829;0.397;0.5;3.8178;1;9.52;1;0;0.38;1;30;55;6
450;1;0;0;0;0;0;0;0;0.3994;0.0127;0;1;0.0829;0.397;0.5;3.8178;1;9.52;1;0;0;0;0;0;6
416;1;0;0;0;0.0502;0;0;0.0502;0.4162;0.0166;0;1;0.0832;0.389;0.5;4.0023;1;12.5;0.67;0;0.99;1;36;80;6
461.7;1;0;0;0;0.05;0;0;0.05;0.3688;0.019;0;1;0.0801;0.379;0.5;3.6049;1;12.5;0.67;0;0;0;0;0;6
434;1;0;0;0;0.1667;0;0;0.1667;0.275;0.025;0;1;0.0635;0.5;0.5;3.3333;0.5;9.52;0.67;0;0.8;0.75;25.4;28.1;6
480;1;0;0;0;0;0;0;0;0.3462;0.0162;0;1;0.0791;0.3457;0.5;3.375;1;19;0.33;0;0;0;0;0;6
530.1;1;0;0;0;0.05;0;0;0.05;0.3495;0.01;0;1;0.0906;0.5649;0.5;2.8584;1;13;0.33;0;0.5;1;30;40;6
450;1;0;0;0;0;0;0;0;0.3994;0.0127;0;1;0.0829;0.397;0.5;3.8178;1;9.52;1;0;0.75;1;30;80;6
416;1;0;0;0;0.0502;0;0;0.0502;0.4162;0.0166;0;1;0.0837;0.3897;0.5;3.9726;1;12.5;0.67;0;1.49;1;36;80;6
372;1;0;0;0;0.07;0;0;0.07;0.42;0.02;0;1;0.0734;0.3968;0.5;4.725;1;20;0.67;0;0;0;0;0;6
375;1;0;0;0;0;0;0;0;0.3827;0.012;0;1;0.0623;0.4395;0.5;5.1387;0.5;10;0.67;0;0;0;0;0;6
410;1;0;0;0;0;0;0;0;0.414;0.014;0;1;0.0791;0.5199;0.5;4.2317;1;10;0.67;0;1.5;1;50;67;6
410;1;0;0;0;0;0;0;0;0.4117;0.0117;0;1;0.0757;0.4286;0.5;4.439;1;16;0.33;0;1.49;1;50;66.67;6
530.1;1;0;0;0;0.05;0;0;0.05;0.3495;0.01;0;1;0.0912;0.5655;0.5;2.8333;1;13;0.33;0;0.99;1;30;40;6
428;1;0;0;0;0;0;0;0;0.4509;0;0;1;0.0895;0.3881;0.5;4.0397;1;20;0.67;0;0;0;0;0;6
450;1;0;0;0;0.0526;0;0;0.0526;0.3895;0.0526;0;1;0.0776;0.4084;0.5;4.0211;1;20;0.33;0;0.5;1;30;60;6
372;1;0;0;0;0.07;0;0;0.07;0.42;0.02;0;1;0.0734;0.3968;0.5;4.725;1;20;0.67;0;0.4;1;30;60;6
530.1;1;0;0;0;0.05;0;0;0.05;0.3495;0.01;0;1;0.0923;0.5666;0.5;2.7867;1;13;0.33;0;1.98;1;30;40;6
480;1;0;0;0;0;0;0;0;0.3482;0.0182;0;1;0.0796;0.3457;0.5;3.375;1;19;0.33;0;0.5;1;50;62.5;6
350;1;0;0;0;0;0;0.3;0.3;0.3675;0.0075;0;1;0.0878;0.4965;0.5;3.186;1;10;0.33;0;1.46;1;13;65;6
394.2;1;0;0;0;0.1;0;0;0.1;0.4153;0.0158;0;1;0.0825;0.389;0.5;4.032;1;12.5;0.67;0;0.5;1;36;80;6
415.3;1;0;0;0;0;0;0;0;0.39;0.0043;0;1;0.0726;0.289;0.5;4.3742;1;12.7;1;0;1.3;1;60;80;6
450;1;0;0;0;0;0;0;0;0.3994;0.0127;0;1;0.0829;0.397;0.5;3.8178;1;9.52;1;0;0.75;1;30;55;6
350;1;0;0;0;0;0;0.3;0.3;0.364;0.004;0;1;0.0861;0.4963;0.5;3.228;1;10;0.33;0;0.73;1;13;65;6
450;1;0;0;0;0;0;0;0;0.3994;0.0127;0;1;0.0829;0.397;0.5;3.8178;1;9.52;1;0;0.38;1;30;80;6
372;1;0;0;0;0.07;0;0;0.07;0.42;0.02;0;1;0.0734;0.3968;0.5;4.725;1;20;0.67;0;0.3;1;30;60;6
461.7;1;0;0;0;0.05;0;0;0.05;0.3688;0.019;0;1;0.0806;0.3795;0.5;3.5782;1;12.5;0.67;0;0.5;1;36;80;6
503.02;1;0;0;0;0;0;0.3;0.3;0.36;0.02;0;1;0.12;0.38;0.5;1.9997;1;6.3;0.33;0;2;1;30;55;6
450;1;0;0;0;0;0;0;0;0.3994;0.0127;0;1;0.0829;0.397;0.5;3.8178;1;9.52;1;0;1.13;1;30;80;6
372.2;1;0;0;0;0.1502;0;0;0.1502;0.4144;0.0149;0;1;0.0819;0.3884;0.5;4.0616;1;12.5;0.67;0;0;0;0;0;6
522.5;1;0;0;0;0.05;0;0;0.05;0.3237;0.0237;0;1;0.0787;0.3645;0.5;3.1127;1;12.5;0.67;0;0;0;0;0;6
415.3;1;0;0;0;0;0;0;0;0.39;0.0043;0;1;0.0726;0.289;0.5;4.3742;1;12.7;1;0;1.08;1;60;80;6
628;0;0;1;0;0;0.2;0;0.2;0.3287;0.0166;0;1;0.0665;0.3857;0.5;3.9401;0.5;19.05;0.67;0;2.54;1;60.96;80;6
617;0;0;1;0;0;0.2503;0;0.2503;0.2999;0.007;0;1;0.0659;0.4216;0.5;3.5504;1;19.05;1;0;0.84;1;30.48;55;6
415.3;1;0;0;0;0;0;0;0;0.3757;0.0043;0;1;0.069;0.2939;0.5;4.4471;1;12.7;1;0;0;0;0;0;6
434;1;0;0;0;0.1667;0;0;0.1667;0.275;0.025;0;1;0.0635;0.5;0.5;3.3333;0.5;6.35;0.67;0;0.8;0.75;25.4;28.1;6
514.29;1;0;0;0;0.07;0;0;0.07;0.2858;0.0058;0;1;0.0704;0.3366;1;3.06;1;12;1;0;0;0;0;0;6
617;0;0;1;0;0;0.2503;0;0.2503;0.2999;0.007;0;1;0.0659;0.4216;0.5;3.5504;1;19.05;1;0;0.84;1;30.48;55;6
410;1;0;0;0;0;0;0;0;0.4117;0.0117;0;1;0.0757;0.4286;0.5;4.439;1;16;0.33;0;0.5;1;50;66.67;6
350;1;0;0;0;0;0;0.3;0.3;0.3645;0.0045;0;1;0.0866;0.4963;0.5;3.208;1;10;0.33;0;1.09;1;13;65;6
410;1;0;0;0;0;0;0;0;0.414;0.014;0;1;0.0791;0.5199;0.5;4.2317;1;10;0.67;0;0.5;1;50;67;6
550;1;0;0;0;0;0;0;0;0.3158;0.0158;0;1;0.077;0.4135;0.5;3.1;1;20;0.33;0;0;0;0;0;6
410;1;0;0;0;0;0;0;0;0.414;0.014;0;1;0.0791;0.5199;0.5;4.2317;1;10;0.67;0;1;1;50;67;6
617;0;0;1;0;0;0.2503;0;0.2503;0.2999;0.007;0;1;0.0659;0.4216;0.5;3.5504;1;19.05;1;0;0.84;1;30.48;55;6
394.2;1;0;0;0;0.1;0;0;0.1;0.4153;0.0158;0;1;0.083;0.389;0.5;4.0023;1;12.5;0.67;0;0.99;1;36;80;6
437.4;1;0;0;0;0.1;0;0;0.1;0.3678;0.018;0;1;0.0799;0.379;0.5;3.6049;1;12.5;0.67;0;0;0;0;0;6
560;1;0;0;0;0;0;0;0;0.4348;0.008;0;1;0.114;0.4492;0.5;2.8143;1;20;1;0;1;1;60;80;6
560;1;0;0;0;0;0;0;0;0.4348;0.008;0;1;0.114;0.4492;0.5;2.8143;1;20;1;0;1.5;1;60;80;6
550;1;0;0;0;0;0;0;0;0.3158;0.0158;0;1;0.077;0.4135;0.5;3.1;1;20;0.33;0;0.51;1;30;60;6
434;1;0;0;0;0.1667;0;0;0.1667;0.275;0.025;0;1;0.0635;0.5;0.5;3.3333;0.5;9.52;0.67;0;0;0;0;0;6
450;1;0;0;0;0.0526;0;0;0.0526;0.3895;0.0526;0;1;0.0776;0.4084;0.5;4.0211;1;20;0.33;0;1;1;30;60;6
401.7;1;0;0;0;0;0;0;0;0.4706;0.0158;0;1;0.0836;0.6406;1;4.6271;1;20;1;0;0.51;1;60;80;6
502.2;1;0;0;0;0.1;0;0;0.1;0.3495;0.01;0;1;0.09;0.5647;0.5;2.8817;1;13;0.33;0;0;1;0;0;6
394.2;1;0;0;0;0.1;0;0;0.1;0.4153;0.0158;0;1;0.0835;0.3897;0.5;3.9726;1;12.5;0.67;0;1.49;1;36;80;6
550;1;0;0;0;0;0;0;0;0.3158;0.0158;0;1;0.077;0.4135;0.5;3.1;1;20;0.33;0;1.02;1;30;60;6
461.7;1;0;0;0;0.05;0;0;0.05;0.3688;0.019;0;1;0.081;0.3795;0.5;3.5514;1;12.5;0.67;0;0.99;1;36;80;6
450;1;0;0;0;0;0;0;0;0.3994;0.0127;0;1;0.0829;0.397;0.5;3.8178;1;9.52;1;0;1.5;1;30;80;6
514.29;1;0;0;0;0.07;0;0;0.07;0.2858;0.0058;0;1;0.0704;0.3366;1;3.06;1;12;1;0;0.75;0.5;45;80;6
560;1;0;0;0;0;0;0;0;0.4348;0.008;0;1;0.114;0.4492;0.5;2.8143;1;20;1;0;0.5;1;60;55;6
550;1;0;0;0;0;0;0;0;0.3158;0.0158;0;1;0.077;0.4135;0.5;3.1;1;20;0.33;0;1.53;1;30;60;6
502.2;1;0;0;0;0.1;0;0;0.1;0.3495;0.01;0;1;0.0906;0.5649;0.5;2.8584;1;13;0.33;0;0.5;1;30;40;6
461.7;1;0;0;0;0.05;0;0;0.05;0.3688;0.019;0;1;0.0815;0.38;0.5;3.5247;1;12.5;0.67;0;1.49;1;36;80;6
410;1;0;0;0;0;0;0;0;0.4117;0.0117;0;1;0.0757;0.4286;0.5;4.439;1;16;0.33;0;0.99;1;50;66.67;6
415.3;0;1;0;0;0;0;0;0;0.306;0.006;0;1;0.0573;0.497;0.5;4.3371;1;9.53;1;0.0004;0.83;1;60;80;6
480;1;0;0;0;0;0;0;0;0.3515;0.0215;0;1;0.0803;0.3457;0.5;3.375;1;19;0.33;0;0.74;1;50;62.5;6
350;1;0;0;0;0;0;0.3;0.3;0.3685;0.0085;0;1;0.0885;0.4962;0.5;3.164;1;10;0.33;0;1.82;1;13;65;6
560;1;0;0;0;0;0;0;0;0.4348;0.008;0;1;0.114;0.4492;0.5;2.8143;1;20;1;0;0.5;1;60;80;6
560;1;0;0;0;0;0;0;0;0.4348;0.008;0;1;0.114;0.4492;0.5;2.8143;1;20;1;0;1;1;60;55;6
500;1;0;0;0;0;0;0;0;0.29;0;0;0;0.063;0.4028;0.5;3.6;1;20;0.67;0;0;0;0;0;6
437.4;1;0;0;0;0.1;0;0;0.1;0.3678;0.018;0;1;0.0803;0.3795;0.5;3.5782;1;12.5;0.67;0;0.5;1;36;80;6
359.4;1;0;0;0;0;0;0;0;0.4688;0.0192;0;1;0.0915;0.5514;0.5;4.1258;1;12;0.67;0;0.38;1;60;80;6
450;1;0;0;0;0.0526;0;0;0.0526;0.3895;0.0526;0;1;0.0776;0.4084;0.5;4.0211;1;20;0.33;0;2;1;30;60;6
350;1;0;0;0;0;0;0;0;0.5514;0;0;1;0.0901;0.4004;0.5;5.1229;1;20;0.67;0;1.01;0.25;13;65;6
450;1;0;0;0;0.0526;0;0;0.0526;0.3895;0.0526;0;1;0.0776;0.4084;0.5;4.0211;1;20;0.33;0;1.5;1;30;60;6
434;1;0;0;0;0.1667;0;0;0.1667;0.275;0.025;0;1;0.0635;0.5;0.5;3.3333;0.5;9.52;0.67;0;0.4;0.75;25.4;28.1;7
628;0;0;1;0;0;0.2;0;0.2;0.3287;0.0166;0;1;0.0665;0.3857;0.5;3.9401;0.5;19.05;0.67;0;0;0;0;0;7
560;1;0;0;0;0;0;0;0;0.4348;0.008;0;1;0.114;0.4492;0.5;2.8143;1;20;1;0;1.5;1;60;55;7
522.5;1;0;0;0;0.05;0;0;0.05;0.3237;0.0237;0;1;0.0792;0.3649;0.5;3.0891;1;12.5;0.67;0;0.5;1;36;80;7
628;0;0;1;0;0;0.2;0;0.2;0.3287;0.0166;0;1;0.0665;0.3857;0.5;3.9401;0.5;19.05;0.67;0;0.84;1;30.48;55;7
434;1;0;0;0;0.1667;0;0;0.1667;0.275;0.025;0;1;0.0635;0.5;0.5;3.3333;0.5;9.52;0.67;0;0.8;0.75;25.4;28.1;7
359.4;1;0;0;0;0;0;0;0;0.4656;0.016;0;1;0.0777;0.6294;1;4.9944;1;20;1;0;0.38;1;60;80;7
413.1;1;0;0;0;0.15;0;0;0.15;0.3668;0.017;0;1;0.0797;0.379;0.5;3.6049;1;12.5;0.67;0;0;0;0;0;7
560;1;0;0;0;0;0;0;0;0.4348;0.008;0;1;0.114;0.4492;0.5;2.8143;1;20;1;0;0.5;1;60;65;7
503.02;1;0;0;0;0;0;0.3;0.3;0.35;0.01;0;1;0.1167;0.38;0.5;1.9997;1;6.3;0.33;0;0;0;0;0;7
500;1;0;0;0;0;0;0;0;0.29;0;0;0;0.063;0.4028;0.5;3.6;1;20;0.67;0;0.99;1;25;60;7
437.4;1;0;0;0;0.1;0;0;0.1;0.3678;0.018;0;1;0.0808;0.3795;0.5;3.5514;1;12.5;0.67;0;0.99;1;36;80;7
372.2;1;0;0;0;0.1502;0;0;0.1502;0.4144;0.0149;0;1;0.0828;0.389;0.5;4.0023;1;12.5;0.67;0;0.99;1;36;80;7
434;1;0;0;0;0.1667;0;0;0.1667;0.275;0.025;0;1;0.0635;0.5;0.5;3.3333;0.5;9.52;0.67;0;0.8;0.75;25.4;28.1;7
437.4;1;0;0;0;0.1;0;0;0.1;0.3678;0.018;0;1;0.0813;0.38;0.5;3.5247;1;12.5;0.67;0;1.49;1;36;80;7
380;0;1;0;0;0;0;0;0;0.363;0.013;0;1;0.0622;0.4535;0.5;4.8342;1;14;1;0.0013;1.79;0.75;54;54;7
617;0;0;1;0;0;0.2503;0;0.2503;0.3062;0.0134;0;1;0.0674;0.3465;0.5;3.5456;1;19.05;1;0;2.54;1;30.48;55;7
372.2;1;0;0;0;0.1502;0;0;0.1502;0.4144;0.0149;0;1;0.0833;0.3897;0.5;3.9726;1;12.5;0.67;0;1.49;1;36;80;7
502.2;1;0;0;0;0.1;0;0;0.1;0.3495;0.01;0;1;0.0912;0.5655;0.5;2.8333;1;13;0.33;0;0.99;1;30;40;7
522.5;1;0;0;0;0.05;0;0;0.05;0.3237;0.0237;0;1;0.0796;0.3648;0.5;3.0655;1;12.5;0.67;0;0.99;1;36;80;7
560;1;0;0;0;0;0;0;0;0.4348;0.008;0;1;0.114;0.4492;0.5;2.8143;1;20;1;0;1;1;60;65;7
502.2;1;0;0;0;0.1;0;0;0.1;0.3495;0.01;0;1;0.0923;0.5666;0.5;2.7867;1;13;0.33;0;1.98;1;30;40;7
522.5;1;0;0;0;0.05;0;0;0.05;0.3237;0.0237;0;1;0.0801;0.3652;0.5;3.0418;1;12.5;0.67;0;1.49;1;36;80;7
560;1;0;0;0;0;0;0;0;0.4348;0.008;0;1;0.114;0.4492;0.5;2.8143;1;20;1;0;1.5;1;60;65;7
628;0;0;1;0;0;0.2;0;0.2;0.3287;0.0166;0;1;0.0665;0.3857;0.5;3.9401;0.5;19.05;0.67;0;0.84;0.5;25.4;50;7
560;1;0;0;0;0;0;0;0;0.4348;0.008;0;1;0.114;0.4492;0.5;2.8143;1;20;1;0;0;0;0;0;7
434;1;0;0;0;0.1667;0;0;0.1667;0.275;0.025;0;1;0.0635;0.5;0.5;3.3333;0.5;9.52;0.67;0;1.2;0.75;25.4;28.1;7
503.02;1;0;0;0;0;0;0.3;0.3;0.357;0.017;0;1;0.119;0.38;0.5;1.9997;1;6.3;0.33;0;1;1;30;55;7
617;0;0;1;0;0;0.2503;0;0.2503;0.3062;0.0134;0;1;0.0674;0.3465;0.5;3.5456;1;19.05;1;0;2.54;1;30.48;55;7
608;1;0;0;0;0.05;0;0;0.05;0.2761;0.0261;0;1;0.0772;0.3406;0.5;2.5781;1;12.5;0.67;0;0;0;0;0;7
350;1;0;0;0;0;0;0.3;0.3;0.369;0.009;0;1;0.089;0.4962;0.5;3.144;1;10;0.33;0;2.19;1;13;65;7
495;1;0;0;0;0.1;0;0;0.1;0.3225;0.0225;0;1;0.0789;0.3649;0.5;3.0891;1;12.5;0.67;0;0.5;1;36;80;7
428;1;0;0;0;0;0;0;0;0.4509;0;0;1;0.0906;0.3784;0.5;3.9766;1;20;0.67;0;1.01;0.25;13;65;7
564;1;0;0;0;0;0;0;0;0.3406;0.0206;0;1;0.085;0.3776;0.5;3.0053;1;10;0.33;0.0004;0;0;0;0;7
353;1;0;0;0;0.0796;0.2;0;0.2796;0.3526;0.022;0;1;0.0787;0.3857;0.5;3.4816;1;12.5;0.67;0;0;0;0;0;7
413.1;1;0;0;0;0.15;0;0;0.15;0.3668;0.017;0;1;0.0806;0.3795;0.5;3.5514;1;12.5;0.67;0;0.99;1;36;80;7
617;0;0;1;0;0;0.2503;0;0.2503;0.3062;0.0134;0;1;0.0674;0.3465;0.5;3.5456;1;19.05;1;0;2.54;1;30.48;55;7
480;1;0;0;0;0.0909;0;0;0.0909;0.3231;0.0182;0;1;0.0745;0.477;1;3.3352;1;12;1;0;0.25;1;30;79;7
495;1;0;0;0;0.1;0;0;0.1;0.3225;0.0225;0;1;0.0793;0.3648;0.5;3.0655;1;12.5;0.67;0;0.99;1;36;80;7
413.1;1;0;0;0;0.15;0;0;0.15;0.3668;0.017;0;1;0.0811;0.38;0.5;3.5247;1;12.5;0.67;0;1.49;1;36;80;7
353;1;0;0;0;0.0796;0.2;0;0.2796;0.3526;0.022;0;1;0.0787;0.3857;0.5;3.4816;1;12.5;0.67;0;0.25;0.5;35;66;7
480;1;0;0;0;0.0909;0;0;0.0909;0.3231;0.0182;0;1;0.0745;0.477;1;3.3352;1;12;1;0;0;0;0;0;7
480;1;0;0;0;0.0909;0;0;0.0909;0.3231;0.0182;0;1;0.0745;0.477;1;3.3352;1;12;1;0;0.51;1;30;79;7
467.5;1;0;0;0;0.15;0;0;0.15;0.3213;0.0213;0;1;0.0781;0.3645;0.5;3.1127;1;12.5;0.67;0;0;0;0;0;7
495;1;0;0;0;0.1;0;0;0.1;0.3225;0.0225;0;1;0.0798;0.3652;0.5;3.0418;1;12.5;0.67;0;1.49;1;36;80;7
628;0;0;1;0;0;0.2;0;0.2;0.3287;0.0166;0;1;0.0665;0.3857;0.5;3.9401;0.5;19.05;0.67;0;0.84;1;60.96;80;7
450;1;0;0;0;0.1;0;0;0.1;0.34;0.01;1;0;0.0685;0.4448;0.5;3.9626;0.5;8;1;0;0;0;0;0;7
576;1;0;0;0;0.1;0;0;0.1;0.2748;0.0248;0;1;0.0768;0.3406;0.5;2.5781;1;12.5;0.67;0;0;0;0;0;7
353;1;0;0;0;0.0796;0.2;0;0.2796;0.3526;0.022;0;1;0.0787;0.3857;0.5;3.4816;1;12.5;0.67;0;0.5;0.5;35;66;7
353;1;0;0;0;0.0796;0.2;0;0.2796;0.3526;0.022;0;1;0.0787;0.3857;0.5;3.4816;1;12.5;0.67;0;0.74;0.5;35;66;7
434;1;0;0;0;0.1667;0;0;0.1667;0.275;0.025;0;1;0.0635;0.5;0.5;3.3333;0.5;9.52;0.67;0;0.8;0.25;30.48;61.5;8
608;1;0;0;0;0.05;0;0;0.05;0.2761;0.0261;0;1;0.0776;0.3409;0.5;2.5578;1;12.5;0.67;0;0.5;1;36;80;8
353;1;0;0;0;0.0796;0.2;0;0.2796;0.3526;0.022;0;1;0.0787;0.3857;0.5;3.4816;1;12.5;0.67;0;0.99;0.5;35;66;8
350;0;0;1;0;0;0;0;0;0.434;0.014;0;1;0.0678;0.43;0.5;5.4;0.5;16;0.67;0;0.76;1;60;80;8
628;0;0;1;0;0;0.2;0;0.2;0.3287;0.0166;0;1;0.0665;0.3857;0.5;3.9401;0.5;19.05;0.67;0;2.54;1;40.64;53;8
423;1;0;0;0;0.1;0;0;0.1;0.3249;0.01;1;0;0.0655;0.4444;0.5;3.9596;0.5;8;1;0;0.99;0.25;12;30;8
467.5;1;0;0;0;0.15;0;0;0.15;0.3213;0.0213;0;1;0.079;0.3648;0.5;3.0655;1;12.5;0.67;0;0.99;1;36;80;8
576;1;0;0;0;0.1;0;0;0.1;0.2748;0.0248;0;1;0.0772;0.3409;0.5;2.5578;1;12.5;0.67;0;0.5;1;36;80;8
467.5;1;0;0;0;0.15;0;0;0.15;0.3213;0.0213;0;1;0.0795;0.3652;0.5;3.0418;1;12.5;0.67;0;1.49;1;36;80;8
608;1;0;0;0;0.05;0;0;0.05;0.2761;0.0261;0;1;0.0781;0.3405;0.5;2.5375;1;12.5;0.67;0;0.99;1;36;80;8
608;1;0;0;0;0.05;0;0;0.05;0.2761;0.0261;0;1;0.0785;0.3408;0.5;2.5172;1;12.5;0.67;0;1.49;1;36;80;8
544;1;0;0;0;0.15;0;0;0.15;0.2734;0.0234;0;1;0.0764;0.3406;0.5;2.5781;1;12.5;0.67;0;0;0;0;0;8
423;1;0;0;0;0.1;0;0;0.1;0.3249;0.01;1;0;0.0655;0.4444;0.5;3.9596;0.5;8;1;0;2.98;0.25;12;30;8
500;0;0;0;1;0.0909;0;0;0.0909;0.3677;0.035;0;1;0.093;0.6158;0.5;2.9527;1;4;0.33;0;1.49;1;30;80;8
525;0;0;0;1;0.0909;0;0;0.0909;0.3325;0.0227;0;1;0.0842;0.5872;0.5;2.9489;1;4;0.33;0.0009;1.49;1;60;80;8
500;0;0;0;1;0.0909;0;0;0.0909;0.3171;0.0135;0;1;0.0742;0.5549;0.5;3.2764;1;4;0.33;0;0;0;0;0;8
576;1;0;0;0;0.1;0;0;0.1;0.2748;0.0248;0;1;0.0777;0.3405;0.5;2.5375;1;12.5;0.67;0;0.99;1;36;80;8
564;1;0;0;0;0;0;0;0;0.3006;0.0206;0;1;0.0744;0.3773;0.5;3.0408;1;10;0.33;0.0004;0;0;0;0;8
576;1;0;0;0;0.1;0;0;0.1;0.2748;0.0248;0;1;0.0781;0.3408;0.5;2.5172;1;12.5;0.67;0;1.49;1;36;80;8
482.9;0;0;1;0;0.0909;0;0;0.0909;0.3496;0.0314;0;1;0.0832;0.375;0.5;3.2;1;12;0.33;0;0.51;1;13;86.67;8
482.9;0;0;1;0;0.0909;0;0;0.0909;0.3433;0.0251;0;1;0.0817;0.375;0.5;3.2;1;12;0.33;0;0.51;1;6;40;8
500;0;0;0;1;0.0909;0;0;0.0909;0.2871;0.018;0;1;0.0701;0.5872;0.5;3.0964;1;4;0.33;0;1.49;1;60;80;8
500;0;1;0;0;0.0909;0;0;0.0909;0.3171;0.0135;0;1;0.0742;0.5549;0.5;3.2764;1;4;0.33;0;0;0;0;0;8
415.3;0;1;0;0;0;0;0;0;0.306;0.006;0;1;0.0573;0.497;0.5;4.3371;1;9.53;1;0.0004;1.21;1;60;80;8
482.9;0;0;1;0;0.0909;0;0;0.0909;0.337;0.0188;0;1;0.0802;0.375;0.5;3.2;1;12;0.33;0;0;1;0;0;8
500;1;0;0;0;0.0714;0.0357;0;0.1071;0.2975;0.0207;0;1;0.0739;0.3776;0.5;3.0268;1;10;0.33;0.0004;0;0;0;0;9
415.3;0;1;0;0;0;0;0;0;0.306;0.006;0;1;0.0573;0.497;0.5;4.3371;1;9.53;1;0.0004;1.08;1;60;80;9
500;0;0;0;1;0.0909;0;0;0.0909;0.3677;0.035;0;1;0.093;0.6158;0.5;2.9527;1;4;0.33;0;1.49;1;60;80;9
544;1;0;0;0;0.15;0;0;0.15;0.2734;0.0234;0;1;0.0773;0.3405;0.5;2.5375;1;12.5;0.67;0;0.99;1;36;80;9
544;1;0;0;0;0.15;0;0;0.15;0.2734;0.0234;0;1;0.0777;0.3408;0.5;2.5172;1;12.5;0.67;0;1.49;1;36;80;9
470.6;0;0;1;0;0.091;0;0;0.091;0.3183;0.0093;0;1;0.0736;0.3635;0.5;3.3263;1;6.3;0.33;0;1.52;1;25;37.5;9
470.6;0;0;1;0;0.091;0;0;0.091;0.3183;0.0093;0;1;0.0736;0.3635;0.5;3.3263;1;6.3;0.33;0;0.76;1;25;37.5;9
628;0;0;1;0;0;0.2;0;0.2;0.3287;0.0166;0;1;0.0665;0.3857;0.5;3.9401;0.5;19.05;0.67;0;2.54;1;30.48;55;9
525;0;0;0;1;0.0909;0;0;0.0909;0.3325;0.0227;0;1;0.0842;0.5872;0.5;2.9489;1;4;0.33;0.0009;1.49;1;60;80;9
470.6;0;0;1;0;0.091;0;0;0.091;0.3091;0;0;0;0.0714;0.3635;0.5;3.3263;1;6.3;0.33;0;0;0;0;0;9
428;1;0;0;0;0.1008;0;0;0.1008;0.355;0.0147;0;1;0.0759;0.4286;0.5;3.6765;1;20;0.67;0;0;0;0;0;9
428;1;0;0;0;0.1008;0;0;0.1008;0.355;0.0147;0;1;0.0759;0.4286;0.5;3.6765;1;20;0.67;0;0;0;0;0;9
450;1;0;0;0;0.1;0;0;0.1;0.29;0;0;0;0.0635;0.3978;0.5;3.57;1;20;0.67;0;0;0;0;0;9
450;1;0;0;0;0.1;0;0;0.1;0.29;0;0;0;0.0635;0.3978;0.5;3.57;1;20;0.67;0;0.99;1;25;60;9
500;0;0;0;1;0.0909;0;0;0.0909;0.3183;0.013;0;1;0.0777;0.5872;0.5;3.0964;1;4;0.33;0;1.49;1;60;80;10
500;1;0;0;0;0.0714;0.0357;0;0.1071;0.2975;0.0207;0;1;0.0739;0.3776;0.5;3.0268;1;10;0.33;0.0004;0.51;1;30;50;10
525;0;0;0;1;0.0909;0;0;0.0909;0.2936;0.0273;0;1;0.0721;0.5634;0.5;3.0736;1;4;0.33;0.0009;1.49;1;60;80;10
500;0;0;0;1;0.0909;0;0;0.0909;0.3118;0.0318;0;1;0.0755;0.5807;0.5;3.1309;1;4;0.33;0.0003;1.49;1;60;80;10
500;1;0;0;0;0.0714;0.0357;0;0.1071;0.2975;0.0207;0;1;0.0739;0.3776;0.5;3.0268;1;10;0.33;0.0004;1.02;1;30;50;10
500;0;0;0;1;0.0909;0;0;0.0909;0.2826;0.0135;0;1;0.0683;0.5794;0.5;3.1382;1;4;0.33;0.0009;1.49;1;60;80;10
428;1;0;0;0;0.1008;0;0;0.1008;0.3592;0.021;0;1;0.0778;0.4196;0.5;3.6197;1;20;0.67;0;1.01;0.25;25;125;10
500;0;0;0;1;0.0909;0;0;0.0909;0.3118;0.0318;0;1;0.0755;0.5;0.5;3.1309;1;8;0.33;0.0003;1.49;1;60;80;10
955;0;0;0;1;0.1667;0;0;0.1667;0.2374;0.035;0;1;0.1239;0.5;0.5;0.9171;1;4;0.33;0.0004;2.48;0.25;13;80;10
450;1;0;0;0;0.1;0;0;0.1;0.31;0.02;0;1;0.0682;0.436;0.5;3.546;1;10;0.67;0;0;0;0;0;10
428;1;0;0;0;0.1008;0;0;0.1008;0.355;0.0147;0;1;0.0764;0.4243;0.5;3.6492;1;20;0.67;0;0.5;0.25;13;65;10
443;1;0;0;0;0.0996;0;0;0.0996;0.3007;0.01;0;1;0.0655;0.3739;0.5;3.5874;1;10;1;0;0;0;0;0;10
428;1;0;0;0;0.1008;0;0;0.1008;0.355;0.0147;0;1;0.0769;0.4196;0.5;3.6197;1;20;0.67;0;1.01;0.25;13;65;10
443;1;0;0;0;0.0996;0;0;0.0996;0.3007;0.01;0;1;0.0655;0.3739;0.5;3.5874;1;10;1;0;0.92;0.25;15;60;10
500;0;0;0;1;0.0909;0;0;0.0909;0.2826;0.0135;0;1;0.0683;0.5794;0.5;3.1382;1;12;0.67;0.0009;1.49;1;60;80;10
428;1;0;0;0;0.1008;0;0;0.1008;0.3571;0.0189;0;1;0.0778;0.4152;0.5;3.5924;1;20;0.67;0;1.5;0.25;13;65;10
428;1;0;0;0;0.1008;0;0;0.1008;0.355;0.0147;0;1;0.0769;0.4196;0.5;3.6197;1;20;0.67;0;0.99;0.25;13;65;10
428;1;0;0;0;0.1008;0;0;0.1008;0.355;0.0147;0;1;0.0769;0.4196;0.5;3.6197;1;20;0.67;0;1.01;0.25;13;65;10
428;1;0;0;0;0.1008;0;0;0.1008;0.355;0.0147;0;1;0.0769;0.4196;0.5;3.6197;1;20;0.67;0;1.01;0.25;13;65;10
821.7;1;0;0;0;0.2;0;0;0.2;0.2144;0.0144;0;1;0.1011;0.3;1;1.12;1;5;1;0;2;0.25;13;65;10
450;1;0;0;0;0.1;0;0;0.1;0.31;0.02;0;1;0.069;0.4273;0.5;3.492;1;10;0.67;0;1.01;0.25;13;65;10
1013;0;0;1;0;0.236;0;0;0.236;0.1859;0.02;0;1;0.12;0.5;0.5;0.549;1;4;0.33;0.0004;1.49;0.25;13;65;10
788.95;1;0;0;0;0.1304;0;0;0.1304;0.2104;0.0191;0;1;0.0864;0.1515;0.5;1.4348;1;5;0.33;0;0;1;0;0;10
788.95;1;0;0;0;0.1667;0;0;0.1667;0.2017;0.0183;0;1;0.0864;0.125;0.5;1.3333;1;5;0.33;0;0;1;0;0;10
794.18;1;0;0;0;0.1304;0;0;0.1304;0.193;0.0191;0;1;0.0793;0.1515;0.5;1.4348;1;5;0.33;0;0;1;0;0;10
794.18;1;0;0;0;0.1667;0;0;0.1667;0.185;0.0183;0;1;0.0793;0.125;0.5;1.3333;1;5;0.33;0;0;1;0;0;10
832;1;0;0;0;0.1396;0;0;0.1396;0.2037;0.0352;0;1;0.0917;0.8249;0.5;1.2223;1;4.75;0.33;0;1.53;1;30;60;10
794.18;1;0;0;0;0.1667;0;0;0.1667;0.185;0.0183;0;1;0.0793;0.125;0.5;1.3333;1;5;0.33;0;1.49;1;17;85;10
794.18;1;0;0;0;0.1667;0;0;0.1667;0.185;0.0183;0;1;0.0793;0.125;0.5;1.3333;1;5;0.33;0;1.98;1;35;70;10
794.18;1;0;0;0;0.1667;0;0;0.1667;0.185;0.0183;0;1;0.0793;0.125;0.5;1.3333;1;5;0.33;0;1.49;1;17;85;10
832;1;0;0;0;0.1396;0;0;0.1396;0.2037;0.0352;0;1;0.0917;0.8249;0.5;1.2223;1;4.75;0.33;0;1.53;0.25;12.5;31;10
832;1;0;0;0;0.1396;0;0;0.1396;0.2037;0.0352;0;1;0.0917;0.8249;0.5;1.2223;1;4.75;0.33;0;1.53;0.5;40;100;10
794.18;1;0;0;0;0.1667;0;0;0.1667;0.185;0.0183;0;1;0.0793;0.125;0.5;1.3333;1;5;0.33;0;1.98;1;17;85;10
556;0;0;0;1;0.2;0;0;0.2;0.2288;0.0201;0;1;0.0705;0.4317;1;2.2432;1;5;0.67;0;1.5;0.25;13;65;10
677;1;0;0;0;0.1998;0;0;0.1998;0.1998;0.0355;0;1;0.0758;0.8143;0.5;1.6359;1;4.75;0.33;0;0.89;0.25;16;40;10
677;1;0;0;0;0.1998;0;0;0.1998;0.1998;0.0355;0;1;0.0758;0.8143;0.5;1.6359;1;4.75;0.33;0;0.89;0.25;16;89;10
677;1;0;0;0;0.1998;0;0;0.1998;0.1998;0.0355;0;1;0.0758;0.8143;0.5;1.6359;1;4.75;0.33;0;0.89;0.25;6;33;10
677;1;0;0;0;0.1998;0;0;0.1998;0.1998;0.0355;0;1;0.0771;0.8141;0.5;1.5898;1;4.75;0.33;0;2.23;0.25;6;33;10
